[
  {
    "model": "cinephoria_webapp.genre",
    "pk": 1,
    "fields": {
      "genre": "Science-fiction"
    }
  },
  {
    "model": "cinephoria_webapp.genre",
    "pk": 2,
    "fields": {
      "genre": "Com\u00e9die"
    }
  },
  {
    "model": "cinephoria_webapp.genre",
    "pk": 3,
    "fields": {
      "genre": "Drame"
    }
  },
  {
    "model": "cinephoria_webapp.genre",
    "pk": 4,
    "fields": {
      "genre": "Action"
    }
  },
  {
    "model": "cinephoria_webapp.genre",
    "pk": 5,
    "fields": {
      "genre": "Fantastique"
    }
  },
  {
    "model": "cinephoria_webapp.genre",
    "pk": 6,
    "fields": {
      "genre": "Aventure"
    }
  },
  {
    "model": "cinephoria_webapp.qualite",
    "pk": 7,
    "fields": {
      "type_qualite": "4K",
      "prix_seance": 12.0,
      "logo_qualite": "default/logo.png"
    }
  },
  {
    "model": "cinephoria_webapp.qualite",
    "pk": 8,
    "fields": {
      "type_qualite": "3D",
      "prix_seance": 10.0,
      "logo_qualite": "default/logo.png"
    }
  },
  {
    "model": "cinephoria_webapp.qualite",
    "pk": 9,
    "fields": {
      "type_qualite": "4DX",
      "prix_seance": 15.0,
      "logo_qualite": "default/logo.png"
    }
  },
  {
    "model": "cinephoria_webapp.cinema",
    "pk": 10,
    "fields": {
      "nom": "Cin\u00e9phoria Paris",
      "adresse": "1 rue du cin\u00e9ma",
      "cp": "75000",
      "ville": "Paris",
      "pays": "France",
      "telephone": "0102030405",
      "horaire_ouverture": "10:00",
      "horaire_fermeture": "23:00"
    }
  },
  {
    "model": "cinephoria_webapp.cinema",
    "pk": 11,
    "fields": {
      "nom": "Cin\u00e9phoria Lille",
      "adresse": "1 rue du cin\u00e9ma",
      "cp": "75000",
      "ville": "Lille",
      "pays": "France",
      "telephone": "0102030405",
      "horaire_ouverture": "10:00",
      "horaire_fermeture": "23:00"
    }
  },
  {
    "model": "cinephoria_webapp.cinema",
    "pk": 12,
    "fields": {
      "nom": "Cin\u00e9phoria Nantes",
      "adresse": "1 rue du cin\u00e9ma",
      "cp": "75000",
      "ville": "Nantes",
      "pays": "France",
      "telephone": "0102030405",
      "horaire_ouverture": "10:00",
      "horaire_fermeture": "23:00"
    }
  },
  {
    "model": "cinephoria_webapp.cinema",
    "pk": 13,
    "fields": {
      "nom": "Cin\u00e9phoria Bordeaux",
      "adresse": "1 rue du cin\u00e9ma",
      "cp": "75000",
      "ville": "Bordeaux",
      "pays": "France",
      "telephone": "0102030405",
      "horaire_ouverture": "10:00",
      "horaire_fermeture": "23:00"
    }
  },
  {
    "model": "cinephoria_webapp.cinema",
    "pk": 14,
    "fields": {
      "nom": "Cin\u00e9phoria Toulouse",
      "adresse": "1 rue du cin\u00e9ma",
      "cp": "75000",
      "ville": "Toulouse",
      "pays": "France",
      "telephone": "0102030405",
      "horaire_ouverture": "10:00",
      "horaire_fermeture": "23:00"
    }
  },
  {
    "model": "cinephoria_webapp.cinema",
    "pk": 15,
    "fields": {
      "nom": "Cin\u00e9phoria Charleroi",
      "adresse": "1 rue du cin\u00e9ma",
      "cp": "75000",
      "ville": "Charleroi",
      "pays": "Belgique",
      "telephone": "0102030405",
      "horaire_ouverture": "10:00",
      "horaire_fermeture": "23:00"
    }
  },
  {
    "model": "cinephoria_webapp.cinema",
    "pk": 16,
    "fields": {
      "nom": "Cin\u00e9phoria Li\u00e8ge",
      "adresse": "1 rue du cin\u00e9ma",
      "cp": "75000",
      "ville": "Li\u00e8ge",
      "pays": "Belgique",
      "telephone": "0102030405",
      "horaire_ouverture": "10:00",
      "horaire_fermeture": "23:00"
    }
  },
  {
    "model": "cinephoria_webapp.salle",
    "pk": 17,
    "fields": {
      "numero_salle": "1",
      "total_places": 30,
      "places_pmr": 3,
      "qualite": 8,
      "cinema": 10
    }
  },
  {
    "model": "cinephoria_webapp.salle",
    "pk": 18,
    "fields": {
      "numero_salle": "1",
      "total_places": 30,
      "places_pmr": 3,
      "qualite": 8,
      "cinema": 11
    }
  },
  {
    "model": "cinephoria_webapp.salle",
    "pk": 19,
    "fields": {
      "numero_salle": "1",
      "total_places": 30,
      "places_pmr": 3,
      "qualite": 8,
      "cinema": 12
    }
  },
  {
    "model": "cinephoria_webapp.salle",
    "pk": 20,
    "fields": {
      "numero_salle": "1",
      "total_places": 30,
      "places_pmr": 3,
      "qualite": 9,
      "cinema": 13
    }
  },
  {
    "model": "cinephoria_webapp.salle",
    "pk": 21,
    "fields": {
      "numero_salle": "1",
      "total_places": 30,
      "places_pmr": 3,
      "qualite": 8,
      "cinema": 14
    }
  },
  {
    "model": "cinephoria_webapp.salle",
    "pk": 22,
    "fields": {
      "numero_salle": "1",
      "total_places": 30,
      "places_pmr": 3,
      "qualite": 8,
      "cinema": 15
    }
  },
  {
    "model": "cinephoria_webapp.salle",
    "pk": 23,
    "fields": {
      "numero_salle": "1",
      "total_places": 30,
      "places_pmr": 3,
      "qualite": 8,
      "cinema": 16
    }
  },
  {
    "model": "cinephoria_webapp.siege",
    "pk": 24,
    "fields": {
      "salle": 17,
      "numero_siege": 1,
      "rangee": "A",
      "occupe": false,
      "place_pmr": true
    }
  },
  {
    "model": "cinephoria_webapp.siege",
    "pk": 25,
    "fields": {
      "salle": 17,
      "numero_siege": 2,
      "rangee": "A",
      "occupe": false,
      "place_pmr": true
    }
  },
  {
    "model": "cinephoria_webapp.siege",
    "pk": 26,
    "fields": {
      "salle": 17,
      "numero_siege": 3,
      "rangee": "A",
      "occupe": false,
      "place_pmr": true
    }
  },
  {
    "model": "cinephoria_webapp.siege",
    "pk": 27,
    "fields": {
      "salle": 17,
      "numero_siege": 4,
      "rangee": "A",
      "occupe": false,
      "place_pmr": false
    }
  },
  {
    "model": "cinephoria_webapp.siege",
    "pk": 28,
    "fields": {
      "salle": 17,
      "numero_siege": 5,
      "rangee": "A",
      "occupe": false,
      "place_pmr": false
    }
  },
  {
    "model": "cinephoria_webapp.siege",
    "pk": 29,
    "fields": {
      "salle": 17,
      "numero_siege": 6,
      "rangee": "B",
      "occupe": false,
      "place_pmr": false
    }
  },
  {
    "model": "cinephoria_webapp.siege",
    "pk": 30,
    "fields": {
      "salle": 17,
      "numero_siege": 7,
      "rangee": "B",
      "occupe": false,
      "place_pmr": false
    }
  },
  {
    "model": "cinephoria_webapp.siege",
    "pk": 31,
    "fields": {
      "salle": 17,
      "numero_siege": 8,
      "rangee": "B",
      "occupe": false,
      "place_pmr": false
    }
  },
  {
    "model": "cinephoria_webapp.siege",
    "pk": 32,
    "fields": {
      "salle": 17,
      "numero_siege": 9,
      "rangee": "B",
      "occupe": false,
      "place_pmr": false
    }
  },
  {
    "model": "cinephoria_webapp.siege",
    "pk": 33,
    "fields": {
      "salle": 17,
      "numero_siege": 10,
      "rangee": "B",
      "occupe": false,
      "place_pmr": false
    }
  },
  {
    "model": "cinephoria_webapp.siege",
    "pk": 34,
    "fields": {
      "salle": 17,
      "numero_siege": 11,
      "rangee": "C",
      "occupe": false,
      "place_pmr": false
    }
  },
  {
    "model": "cinephoria_webapp.siege",
    "pk": 35,
    "fields": {
      "salle": 17,
      "numero_siege": 12,
      "rangee": "C",
      "occupe": false,
      "place_pmr": false
    }
  },
  {
    "model": "cinephoria_webapp.siege",
    "pk": 36,
    "fields": {
      "salle": 17,
      "numero_siege": 13,
      "rangee": "C",
      "occupe": false,
      "place_pmr": false
    }
  },
  {
    "model": "cinephoria_webapp.siege",
    "pk": 37,
    "fields": {
      "salle": 17,
      "numero_siege": 14,
      "rangee": "C",
      "occupe": false,
      "place_pmr": false
    }
  },
  {
    "model": "cinephoria_webapp.siege",
    "pk": 38,
    "fields": {
      "salle": 17,
      "numero_siege": 15,
      "rangee": "C",
      "occupe": false,
      "place_pmr": false
    }
  },
  {
    "model": "cinephoria_webapp.siege",
    "pk": 39,
    "fields": {
      "salle": 17,
      "numero_siege": 16,
      "rangee": "D",
      "occupe": false,
      "place_pmr": false
    }
  },
  {
    "model": "cinephoria_webapp.siege",
    "pk": 40,
    "fields": {
      "salle": 17,
      "numero_siege": 17,
      "rangee": "D",
      "occupe": false,
      "place_pmr": false
    }
  },
  {
    "model": "cinephoria_webapp.siege",
    "pk": 41,
    "fields": {
      "salle": 17,
      "numero_siege": 18,
      "rangee": "D",
      "occupe": false,
      "place_pmr": false
    }
  },
  {
    "model": "cinephoria_webapp.siege",
    "pk": 42,
    "fields": {
      "salle": 17,
      "numero_siege": 19,
      "rangee": "D",
      "occupe": false,
      "place_pmr": false
    }
  },
  {
    "model": "cinephoria_webapp.siege",
    "pk": 43,
    "fields": {
      "salle": 17,
      "numero_siege": 20,
      "rangee": "D",
      "occupe": false,
      "place_pmr": false
    }
  },
  {
    "model": "cinephoria_webapp.siege",
    "pk": 44,
    "fields": {
      "salle": 17,
      "numero_siege": 21,
      "rangee": "E",
      "occupe": false,
      "place_pmr": false
    }
  },
  {
    "model": "cinephoria_webapp.siege",
    "pk": 45,
    "fields": {
      "salle": 17,
      "numero_siege": 22,
      "rangee": "E",
      "occupe": false,
      "place_pmr": false
    }
  },
  {
    "model": "cinephoria_webapp.siege",
    "pk": 46,
    "fields": {
      "salle": 17,
      "numero_siege": 23,
      "rangee": "E",
      "occupe": false,
      "place_pmr": false
    }
  },
  {
    "model": "cinephoria_webapp.siege",
    "pk": 47,
    "fields": {
      "salle": 17,
      "numero_siege": 24,
      "rangee": "E",
      "occupe": false,
      "place_pmr": false
    }
  },
  {
    "model": "cinephoria_webapp.siege",
    "pk": 48,
    "fields": {
      "salle": 17,
      "numero_siege": 25,
      "rangee": "E",
      "occupe": false,
      "place_pmr": false
    }
  },
  {
    "model": "cinephoria_webapp.siege",
    "pk": 49,
    "fields": {
      "salle": 17,
      "numero_siege": 26,
      "rangee": "F",
      "occupe": false,
      "place_pmr": false
    }
  },
  {
    "model": "cinephoria_webapp.siege",
    "pk": 50,
    "fields": {
      "salle": 17,
      "numero_siege": 27,
      "rangee": "F",
      "occupe": false,
      "place_pmr": false
    }
  },
  {
    "model": "cinephoria_webapp.siege",
    "pk": 51,
    "fields": {
      "salle": 17,
      "numero_siege": 28,
      "rangee": "F",
      "occupe": false,
      "place_pmr": false
    }
  },
  {
    "model": "cinephoria_webapp.siege",
    "pk": 52,
    "fields": {
      "salle": 17,
      "numero_siege": 29,
      "rangee": "F",
      "occupe": false,
      "place_pmr": false
    }
  },
  {
    "model": "cinephoria_webapp.siege",
    "pk": 53,
    "fields": {
      "salle": 17,
      "numero_siege": 30,
      "rangee": "F",
      "occupe": false,
      "place_pmr": false
    }
  },
  {
    "model": "cinephoria_webapp.siege",
    "pk": 54,
    "fields": {
      "salle": 18,
      "numero_siege": 1,
      "rangee": "A",
      "occupe": false,
      "place_pmr": true
    }
  },
  {
    "model": "cinephoria_webapp.siege",
    "pk": 55,
    "fields": {
      "salle": 18,
      "numero_siege": 2,
      "rangee": "A",
      "occupe": false,
      "place_pmr": true
    }
  },
  {
    "model": "cinephoria_webapp.siege",
    "pk": 56,
    "fields": {
      "salle": 18,
      "numero_siege": 3,
      "rangee": "A",
      "occupe": false,
      "place_pmr": true
    }
  },
  {
    "model": "cinephoria_webapp.siege",
    "pk": 57,
    "fields": {
      "salle": 18,
      "numero_siege": 4,
      "rangee": "A",
      "occupe": false,
      "place_pmr": false
    }
  },
  {
    "model": "cinephoria_webapp.siege",
    "pk": 58,
    "fields": {
      "salle": 18,
      "numero_siege": 5,
      "rangee": "A",
      "occupe": false,
      "place_pmr": false
    }
  },
  {
    "model": "cinephoria_webapp.siege",
    "pk": 59,
    "fields": {
      "salle": 18,
      "numero_siege": 6,
      "rangee": "B",
      "occupe": false,
      "place_pmr": false
    }
  },
  {
    "model": "cinephoria_webapp.siege",
    "pk": 60,
    "fields": {
      "salle": 18,
      "numero_siege": 7,
      "rangee": "B",
      "occupe": false,
      "place_pmr": false
    }
  },
  {
    "model": "cinephoria_webapp.siege",
    "pk": 61,
    "fields": {
      "salle": 18,
      "numero_siege": 8,
      "rangee": "B",
      "occupe": false,
      "place_pmr": false
    }
  },
  {
    "model": "cinephoria_webapp.siege",
    "pk": 62,
    "fields": {
      "salle": 18,
      "numero_siege": 9,
      "rangee": "B",
      "occupe": false,
      "place_pmr": false
    }
  },
  {
    "model": "cinephoria_webapp.siege",
    "pk": 63,
    "fields": {
      "salle": 18,
      "numero_siege": 10,
      "rangee": "B",
      "occupe": false,
      "place_pmr": false
    }
  },
  {
    "model": "cinephoria_webapp.siege",
    "pk": 64,
    "fields": {
      "salle": 18,
      "numero_siege": 11,
      "rangee": "C",
      "occupe": false,
      "place_pmr": false
    }
  },
  {
    "model": "cinephoria_webapp.siege",
    "pk": 65,
    "fields": {
      "salle": 18,
      "numero_siege": 12,
      "rangee": "C",
      "occupe": false,
      "place_pmr": false
    }
  },
  {
    "model": "cinephoria_webapp.siege",
    "pk": 66,
    "fields": {
      "salle": 18,
      "numero_siege": 13,
      "rangee": "C",
      "occupe": false,
      "place_pmr": false
    }
  },
  {
    "model": "cinephoria_webapp.siege",
    "pk": 67,
    "fields": {
      "salle": 18,
      "numero_siege": 14,
      "rangee": "C",
      "occupe": false,
      "place_pmr": false
    }
  },
  {
    "model": "cinephoria_webapp.siege",
    "pk": 68,
    "fields": {
      "salle": 18,
      "numero_siege": 15,
      "rangee": "C",
      "occupe": false,
      "place_pmr": false
    }
  },
  {
    "model": "cinephoria_webapp.siege",
    "pk": 69,
    "fields": {
      "salle": 18,
      "numero_siege": 16,
      "rangee": "D",
      "occupe": false,
      "place_pmr": false
    }
  },
  {
    "model": "cinephoria_webapp.siege",
    "pk": 70,
    "fields": {
      "salle": 18,
      "numero_siege": 17,
      "rangee": "D",
      "occupe": false,
      "place_pmr": false
    }
  },
  {
    "model": "cinephoria_webapp.siege",
    "pk": 71,
    "fields": {
      "salle": 18,
      "numero_siege": 18,
      "rangee": "D",
      "occupe": false,
      "place_pmr": false
    }
  },
  {
    "model": "cinephoria_webapp.siege",
    "pk": 72,
    "fields": {
      "salle": 18,
      "numero_siege": 19,
      "rangee": "D",
      "occupe": false,
      "place_pmr": false
    }
  },
  {
    "model": "cinephoria_webapp.siege",
    "pk": 73,
    "fields": {
      "salle": 18,
      "numero_siege": 20,
      "rangee": "D",
      "occupe": false,
      "place_pmr": false
    }
  },
  {
    "model": "cinephoria_webapp.siege",
    "pk": 74,
    "fields": {
      "salle": 18,
      "numero_siege": 21,
      "rangee": "E",
      "occupe": false,
      "place_pmr": false
    }
  },
  {
    "model": "cinephoria_webapp.siege",
    "pk": 75,
    "fields": {
      "salle": 18,
      "numero_siege": 22,
      "rangee": "E",
      "occupe": false,
      "place_pmr": false
    }
  },
  {
    "model": "cinephoria_webapp.siege",
    "pk": 76,
    "fields": {
      "salle": 18,
      "numero_siege": 23,
      "rangee": "E",
      "occupe": false,
      "place_pmr": false
    }
  },
  {
    "model": "cinephoria_webapp.siege",
    "pk": 77,
    "fields": {
      "salle": 18,
      "numero_siege": 24,
      "rangee": "E",
      "occupe": false,
      "place_pmr": false
    }
  },
  {
    "model": "cinephoria_webapp.siege",
    "pk": 78,
    "fields": {
      "salle": 18,
      "numero_siege": 25,
      "rangee": "E",
      "occupe": false,
      "place_pmr": false
    }
  },
  {
    "model": "cinephoria_webapp.siege",
    "pk": 79,
    "fields": {
      "salle": 18,
      "numero_siege": 26,
      "rangee": "F",
      "occupe": false,
      "place_pmr": false
    }
  },
  {
    "model": "cinephoria_webapp.siege",
    "pk": 80,
    "fields": {
      "salle": 18,
      "numero_siege": 27,
      "rangee": "F",
      "occupe": false,
      "place_pmr": false
    }
  },
  {
    "model": "cinephoria_webapp.siege",
    "pk": 81,
    "fields": {
      "salle": 18,
      "numero_siege": 28,
      "rangee": "F",
      "occupe": false,
      "place_pmr": false
    }
  },
  {
    "model": "cinephoria_webapp.siege",
    "pk": 82,
    "fields": {
      "salle": 18,
      "numero_siege": 29,
      "rangee": "F",
      "occupe": false,
      "place_pmr": false
    }
  },
  {
    "model": "cinephoria_webapp.siege",
    "pk": 83,
    "fields": {
      "salle": 18,
      "numero_siege": 30,
      "rangee": "F",
      "occupe": false,
      "place_pmr": false
    }
  },
  {
    "model": "cinephoria_webapp.siege",
    "pk": 84,
    "fields": {
      "salle": 19,
      "numero_siege": 1,
      "rangee": "A",
      "occupe": false,
      "place_pmr": true
    }
  },
  {
    "model": "cinephoria_webapp.siege",
    "pk": 85,
    "fields": {
      "salle": 19,
      "numero_siege": 2,
      "rangee": "A",
      "occupe": false,
      "place_pmr": true
    }
  },
  {
    "model": "cinephoria_webapp.siege",
    "pk": 86,
    "fields": {
      "salle": 19,
      "numero_siege": 3,
      "rangee": "A",
      "occupe": false,
      "place_pmr": true
    }
  },
  {
    "model": "cinephoria_webapp.siege",
    "pk": 87,
    "fields": {
      "salle": 19,
      "numero_siege": 4,
      "rangee": "A",
      "occupe": false,
      "place_pmr": false
    }
  },
  {
    "model": "cinephoria_webapp.siege",
    "pk": 88,
    "fields": {
      "salle": 19,
      "numero_siege": 5,
      "rangee": "A",
      "occupe": false,
      "place_pmr": false
    }
  },
  {
    "model": "cinephoria_webapp.siege",
    "pk": 89,
    "fields": {
      "salle": 19,
      "numero_siege": 6,
      "rangee": "B",
      "occupe": false,
      "place_pmr": false
    }
  },
  {
    "model": "cinephoria_webapp.siege",
    "pk": 90,
    "fields": {
      "salle": 19,
      "numero_siege": 7,
      "rangee": "B",
      "occupe": false,
      "place_pmr": false
    }
  },
  {
    "model": "cinephoria_webapp.siege",
    "pk": 91,
    "fields": {
      "salle": 19,
      "numero_siege": 8,
      "rangee": "B",
      "occupe": false,
      "place_pmr": false
    }
  },
  {
    "model": "cinephoria_webapp.siege",
    "pk": 92,
    "fields": {
      "salle": 19,
      "numero_siege": 9,
      "rangee": "B",
      "occupe": false,
      "place_pmr": false
    }
  },
  {
    "model": "cinephoria_webapp.siege",
    "pk": 93,
    "fields": {
      "salle": 19,
      "numero_siege": 10,
      "rangee": "B",
      "occupe": false,
      "place_pmr": false
    }
  },
  {
    "model": "cinephoria_webapp.siege",
    "pk": 94,
    "fields": {
      "salle": 19,
      "numero_siege": 11,
      "rangee": "C",
      "occupe": false,
      "place_pmr": false
    }
  },
  {
    "model": "cinephoria_webapp.siege",
    "pk": 95,
    "fields": {
      "salle": 19,
      "numero_siege": 12,
      "rangee": "C",
      "occupe": false,
      "place_pmr": false
    }
  },
  {
    "model": "cinephoria_webapp.siege",
    "pk": 96,
    "fields": {
      "salle": 19,
      "numero_siege": 13,
      "rangee": "C",
      "occupe": false,
      "place_pmr": false
    }
  },
  {
    "model": "cinephoria_webapp.siege",
    "pk": 97,
    "fields": {
      "salle": 19,
      "numero_siege": 14,
      "rangee": "C",
      "occupe": false,
      "place_pmr": false
    }
  },
  {
    "model": "cinephoria_webapp.siege",
    "pk": 98,
    "fields": {
      "salle": 19,
      "numero_siege": 15,
      "rangee": "C",
      "occupe": false,
      "place_pmr": false
    }
  },
  {
    "model": "cinephoria_webapp.siege",
    "pk": 99,
    "fields": {
      "salle": 19,
      "numero_siege": 16,
      "rangee": "D",
      "occupe": false,
      "place_pmr": false
    }
  },
  {
    "model": "cinephoria_webapp.siege",
    "pk": 100,
    "fields": {
      "salle": 19,
      "numero_siege": 17,
      "rangee": "D",
      "occupe": false,
      "place_pmr": false
    }
  },
  {
    "model": "cinephoria_webapp.siege",
    "pk": 101,
    "fields": {
      "salle": 19,
      "numero_siege": 18,
      "rangee": "D",
      "occupe": false,
      "place_pmr": false
    }
  },
  {
    "model": "cinephoria_webapp.siege",
    "pk": 102,
    "fields": {
      "salle": 19,
      "numero_siege": 19,
      "rangee": "D",
      "occupe": false,
      "place_pmr": false
    }
  },
  {
    "model": "cinephoria_webapp.siege",
    "pk": 103,
    "fields": {
      "salle": 19,
      "numero_siege": 20,
      "rangee": "D",
      "occupe": false,
      "place_pmr": false
    }
  },
  {
    "model": "cinephoria_webapp.siege",
    "pk": 104,
    "fields": {
      "salle": 19,
      "numero_siege": 21,
      "rangee": "E",
      "occupe": false,
      "place_pmr": false
    }
  },
  {
    "model": "cinephoria_webapp.siege",
    "pk": 105,
    "fields": {
      "salle": 19,
      "numero_siege": 22,
      "rangee": "E",
      "occupe": false,
      "place_pmr": false
    }
  },
  {
    "model": "cinephoria_webapp.siege",
    "pk": 106,
    "fields": {
      "salle": 19,
      "numero_siege": 23,
      "rangee": "E",
      "occupe": false,
      "place_pmr": false
    }
  },
  {
    "model": "cinephoria_webapp.siege",
    "pk": 107,
    "fields": {
      "salle": 19,
      "numero_siege": 24,
      "rangee": "E",
      "occupe": false,
      "place_pmr": false
    }
  },
  {
    "model": "cinephoria_webapp.siege",
    "pk": 108,
    "fields": {
      "salle": 19,
      "numero_siege": 25,
      "rangee": "E",
      "occupe": false,
      "place_pmr": false
    }
  },
  {
    "model": "cinephoria_webapp.siege",
    "pk": 109,
    "fields": {
      "salle": 19,
      "numero_siege": 26,
      "rangee": "F",
      "occupe": false,
      "place_pmr": false
    }
  },
  {
    "model": "cinephoria_webapp.siege",
    "pk": 110,
    "fields": {
      "salle": 19,
      "numero_siege": 27,
      "rangee": "F",
      "occupe": false,
      "place_pmr": false
    }
  },
  {
    "model": "cinephoria_webapp.siege",
    "pk": 111,
    "fields": {
      "salle": 19,
      "numero_siege": 28,
      "rangee": "F",
      "occupe": false,
      "place_pmr": false
    }
  },
  {
    "model": "cinephoria_webapp.siege",
    "pk": 112,
    "fields": {
      "salle": 19,
      "numero_siege": 29,
      "rangee": "F",
      "occupe": false,
      "place_pmr": false
    }
  },
  {
    "model": "cinephoria_webapp.siege",
    "pk": 113,
    "fields": {
      "salle": 19,
      "numero_siege": 30,
      "rangee": "F",
      "occupe": false,
      "place_pmr": false
    }
  },
  {
    "model": "cinephoria_webapp.siege",
    "pk": 114,
    "fields": {
      "salle": 20,
      "numero_siege": 1,
      "rangee": "A",
      "occupe": false,
      "place_pmr": true
    }
  },
  {
    "model": "cinephoria_webapp.siege",
    "pk": 115,
    "fields": {
      "salle": 20,
      "numero_siege": 2,
      "rangee": "A",
      "occupe": false,
      "place_pmr": true
    }
  },
  {
    "model": "cinephoria_webapp.siege",
    "pk": 116,
    "fields": {
      "salle": 20,
      "numero_siege": 3,
      "rangee": "A",
      "occupe": false,
      "place_pmr": true
    }
  },
  {
    "model": "cinephoria_webapp.siege",
    "pk": 117,
    "fields": {
      "salle": 20,
      "numero_siege": 4,
      "rangee": "A",
      "occupe": false,
      "place_pmr": false
    }
  },
  {
    "model": "cinephoria_webapp.siege",
    "pk": 118,
    "fields": {
      "salle": 20,
      "numero_siege": 5,
      "rangee": "A",
      "occupe": false,
      "place_pmr": false
    }
  },
  {
    "model": "cinephoria_webapp.siege",
    "pk": 119,
    "fields": {
      "salle": 20,
      "numero_siege": 6,
      "rangee": "B",
      "occupe": false,
      "place_pmr": false
    }
  },
  {
    "model": "cinephoria_webapp.siege",
    "pk": 120,
    "fields": {
      "salle": 20,
      "numero_siege": 7,
      "rangee": "B",
      "occupe": false,
      "place_pmr": false
    }
  },
  {
    "model": "cinephoria_webapp.siege",
    "pk": 121,
    "fields": {
      "salle": 20,
      "numero_siege": 8,
      "rangee": "B",
      "occupe": false,
      "place_pmr": false
    }
  },
  {
    "model": "cinephoria_webapp.siege",
    "pk": 122,
    "fields": {
      "salle": 20,
      "numero_siege": 9,
      "rangee": "B",
      "occupe": false,
      "place_pmr": false
    }
  },
  {
    "model": "cinephoria_webapp.siege",
    "pk": 123,
    "fields": {
      "salle": 20,
      "numero_siege": 10,
      "rangee": "B",
      "occupe": false,
      "place_pmr": false
    }
  },
  {
    "model": "cinephoria_webapp.siege",
    "pk": 124,
    "fields": {
      "salle": 20,
      "numero_siege": 11,
      "rangee": "C",
      "occupe": false,
      "place_pmr": false
    }
  },
  {
    "model": "cinephoria_webapp.siege",
    "pk": 125,
    "fields": {
      "salle": 20,
      "numero_siege": 12,
      "rangee": "C",
      "occupe": false,
      "place_pmr": false
    }
  },
  {
    "model": "cinephoria_webapp.siege",
    "pk": 126,
    "fields": {
      "salle": 20,
      "numero_siege": 13,
      "rangee": "C",
      "occupe": false,
      "place_pmr": false
    }
  },
  {
    "model": "cinephoria_webapp.siege",
    "pk": 127,
    "fields": {
      "salle": 20,
      "numero_siege": 14,
      "rangee": "C",
      "occupe": false,
      "place_pmr": false
    }
  },
  {
    "model": "cinephoria_webapp.siege",
    "pk": 128,
    "fields": {
      "salle": 20,
      "numero_siege": 15,
      "rangee": "C",
      "occupe": false,
      "place_pmr": false
    }
  },
  {
    "model": "cinephoria_webapp.siege",
    "pk": 129,
    "fields": {
      "salle": 20,
      "numero_siege": 16,
      "rangee": "D",
      "occupe": false,
      "place_pmr": false
    }
  },
  {
    "model": "cinephoria_webapp.siege",
    "pk": 130,
    "fields": {
      "salle": 20,
      "numero_siege": 17,
      "rangee": "D",
      "occupe": false,
      "place_pmr": false
    }
  },
  {
    "model": "cinephoria_webapp.siege",
    "pk": 131,
    "fields": {
      "salle": 20,
      "numero_siege": 18,
      "rangee": "D",
      "occupe": false,
      "place_pmr": false
    }
  },
  {
    "model": "cinephoria_webapp.siege",
    "pk": 132,
    "fields": {
      "salle": 20,
      "numero_siege": 19,
      "rangee": "D",
      "occupe": false,
      "place_pmr": false
    }
  },
  {
    "model": "cinephoria_webapp.siege",
    "pk": 133,
    "fields": {
      "salle": 20,
      "numero_siege": 20,
      "rangee": "D",
      "occupe": false,
      "place_pmr": false
    }
  },
  {
    "model": "cinephoria_webapp.siege",
    "pk": 134,
    "fields": {
      "salle": 20,
      "numero_siege": 21,
      "rangee": "E",
      "occupe": false,
      "place_pmr": false
    }
  },
  {
    "model": "cinephoria_webapp.siege",
    "pk": 135,
    "fields": {
      "salle": 20,
      "numero_siege": 22,
      "rangee": "E",
      "occupe": false,
      "place_pmr": false
    }
  },
  {
    "model": "cinephoria_webapp.siege",
    "pk": 136,
    "fields": {
      "salle": 20,
      "numero_siege": 23,
      "rangee": "E",
      "occupe": false,
      "place_pmr": false
    }
  },
  {
    "model": "cinephoria_webapp.siege",
    "pk": 137,
    "fields": {
      "salle": 20,
      "numero_siege": 24,
      "rangee": "E",
      "occupe": false,
      "place_pmr": false
    }
  },
  {
    "model": "cinephoria_webapp.siege",
    "pk": 138,
    "fields": {
      "salle": 20,
      "numero_siege": 25,
      "rangee": "E",
      "occupe": false,
      "place_pmr": false
    }
  },
  {
    "model": "cinephoria_webapp.siege",
    "pk": 139,
    "fields": {
      "salle": 20,
      "numero_siege": 26,
      "rangee": "F",
      "occupe": false,
      "place_pmr": false
    }
  },
  {
    "model": "cinephoria_webapp.siege",
    "pk": 140,
    "fields": {
      "salle": 20,
      "numero_siege": 27,
      "rangee": "F",
      "occupe": false,
      "place_pmr": false
    }
  },
  {
    "model": "cinephoria_webapp.siege",
    "pk": 141,
    "fields": {
      "salle": 20,
      "numero_siege": 28,
      "rangee": "F",
      "occupe": false,
      "place_pmr": false
    }
  },
  {
    "model": "cinephoria_webapp.siege",
    "pk": 142,
    "fields": {
      "salle": 20,
      "numero_siege": 29,
      "rangee": "F",
      "occupe": false,
      "place_pmr": false
    }
  },
  {
    "model": "cinephoria_webapp.siege",
    "pk": 143,
    "fields": {
      "salle": 20,
      "numero_siege": 30,
      "rangee": "F",
      "occupe": false,
      "place_pmr": false
    }
  },
  {
    "model": "cinephoria_webapp.siege",
    "pk": 144,
    "fields": {
      "salle": 21,
      "numero_siege": 1,
      "rangee": "A",
      "occupe": false,
      "place_pmr": true
    }
  },
  {
    "model": "cinephoria_webapp.siege",
    "pk": 145,
    "fields": {
      "salle": 21,
      "numero_siege": 2,
      "rangee": "A",
      "occupe": false,
      "place_pmr": true
    }
  },
  {
    "model": "cinephoria_webapp.siege",
    "pk": 146,
    "fields": {
      "salle": 21,
      "numero_siege": 3,
      "rangee": "A",
      "occupe": false,
      "place_pmr": true
    }
  },
  {
    "model": "cinephoria_webapp.siege",
    "pk": 147,
    "fields": {
      "salle": 21,
      "numero_siege": 4,
      "rangee": "A",
      "occupe": false,
      "place_pmr": false
    }
  },
  {
    "model": "cinephoria_webapp.siege",
    "pk": 148,
    "fields": {
      "salle": 21,
      "numero_siege": 5,
      "rangee": "A",
      "occupe": false,
      "place_pmr": false
    }
  },
  {
    "model": "cinephoria_webapp.siege",
    "pk": 149,
    "fields": {
      "salle": 21,
      "numero_siege": 6,
      "rangee": "B",
      "occupe": false,
      "place_pmr": false
    }
  },
  {
    "model": "cinephoria_webapp.siege",
    "pk": 150,
    "fields": {
      "salle": 21,
      "numero_siege": 7,
      "rangee": "B",
      "occupe": false,
      "place_pmr": false
    }
  },
  {
    "model": "cinephoria_webapp.siege",
    "pk": 151,
    "fields": {
      "salle": 21,
      "numero_siege": 8,
      "rangee": "B",
      "occupe": false,
      "place_pmr": false
    }
  },
  {
    "model": "cinephoria_webapp.siege",
    "pk": 152,
    "fields": {
      "salle": 21,
      "numero_siege": 9,
      "rangee": "B",
      "occupe": false,
      "place_pmr": false
    }
  },
  {
    "model": "cinephoria_webapp.siege",
    "pk": 153,
    "fields": {
      "salle": 21,
      "numero_siege": 10,
      "rangee": "B",
      "occupe": false,
      "place_pmr": false
    }
  },
  {
    "model": "cinephoria_webapp.siege",
    "pk": 154,
    "fields": {
      "salle": 21,
      "numero_siege": 11,
      "rangee": "C",
      "occupe": false,
      "place_pmr": false
    }
  },
  {
    "model": "cinephoria_webapp.siege",
    "pk": 155,
    "fields": {
      "salle": 21,
      "numero_siege": 12,
      "rangee": "C",
      "occupe": false,
      "place_pmr": false
    }
  },
  {
    "model": "cinephoria_webapp.siege",
    "pk": 156,
    "fields": {
      "salle": 21,
      "numero_siege": 13,
      "rangee": "C",
      "occupe": false,
      "place_pmr": false
    }
  },
  {
    "model": "cinephoria_webapp.siege",
    "pk": 157,
    "fields": {
      "salle": 21,
      "numero_siege": 14,
      "rangee": "C",
      "occupe": false,
      "place_pmr": false
    }
  },
  {
    "model": "cinephoria_webapp.siege",
    "pk": 158,
    "fields": {
      "salle": 21,
      "numero_siege": 15,
      "rangee": "C",
      "occupe": false,
      "place_pmr": false
    }
  },
  {
    "model": "cinephoria_webapp.siege",
    "pk": 159,
    "fields": {
      "salle": 21,
      "numero_siege": 16,
      "rangee": "D",
      "occupe": false,
      "place_pmr": false
    }
  },
  {
    "model": "cinephoria_webapp.siege",
    "pk": 160,
    "fields": {
      "salle": 21,
      "numero_siege": 17,
      "rangee": "D",
      "occupe": false,
      "place_pmr": false
    }
  },
  {
    "model": "cinephoria_webapp.siege",
    "pk": 161,
    "fields": {
      "salle": 21,
      "numero_siege": 18,
      "rangee": "D",
      "occupe": false,
      "place_pmr": false
    }
  },
  {
    "model": "cinephoria_webapp.siege",
    "pk": 162,
    "fields": {
      "salle": 21,
      "numero_siege": 19,
      "rangee": "D",
      "occupe": false,
      "place_pmr": false
    }
  },
  {
    "model": "cinephoria_webapp.siege",
    "pk": 163,
    "fields": {
      "salle": 21,
      "numero_siege": 20,
      "rangee": "D",
      "occupe": false,
      "place_pmr": false
    }
  },
  {
    "model": "cinephoria_webapp.siege",
    "pk": 164,
    "fields": {
      "salle": 21,
      "numero_siege": 21,
      "rangee": "E",
      "occupe": false,
      "place_pmr": false
    }
  },
  {
    "model": "cinephoria_webapp.siege",
    "pk": 165,
    "fields": {
      "salle": 21,
      "numero_siege": 22,
      "rangee": "E",
      "occupe": false,
      "place_pmr": false
    }
  },
  {
    "model": "cinephoria_webapp.siege",
    "pk": 166,
    "fields": {
      "salle": 21,
      "numero_siege": 23,
      "rangee": "E",
      "occupe": false,
      "place_pmr": false
    }
  },
  {
    "model": "cinephoria_webapp.siege",
    "pk": 167,
    "fields": {
      "salle": 21,
      "numero_siege": 24,
      "rangee": "E",
      "occupe": false,
      "place_pmr": false
    }
  },
  {
    "model": "cinephoria_webapp.siege",
    "pk": 168,
    "fields": {
      "salle": 21,
      "numero_siege": 25,
      "rangee": "E",
      "occupe": false,
      "place_pmr": false
    }
  },
  {
    "model": "cinephoria_webapp.siege",
    "pk": 169,
    "fields": {
      "salle": 21,
      "numero_siege": 26,
      "rangee": "F",
      "occupe": false,
      "place_pmr": false
    }
  },
  {
    "model": "cinephoria_webapp.siege",
    "pk": 170,
    "fields": {
      "salle": 21,
      "numero_siege": 27,
      "rangee": "F",
      "occupe": false,
      "place_pmr": false
    }
  },
  {
    "model": "cinephoria_webapp.siege",
    "pk": 171,
    "fields": {
      "salle": 21,
      "numero_siege": 28,
      "rangee": "F",
      "occupe": false,
      "place_pmr": false
    }
  },
  {
    "model": "cinephoria_webapp.siege",
    "pk": 172,
    "fields": {
      "salle": 21,
      "numero_siege": 29,
      "rangee": "F",
      "occupe": false,
      "place_pmr": false
    }
  },
  {
    "model": "cinephoria_webapp.siege",
    "pk": 173,
    "fields": {
      "salle": 21,
      "numero_siege": 30,
      "rangee": "F",
      "occupe": false,
      "place_pmr": false
    }
  },
  {
    "model": "cinephoria_webapp.siege",
    "pk": 174,
    "fields": {
      "salle": 22,
      "numero_siege": 1,
      "rangee": "A",
      "occupe": false,
      "place_pmr": true
    }
  },
  {
    "model": "cinephoria_webapp.siege",
    "pk": 175,
    "fields": {
      "salle": 22,
      "numero_siege": 2,
      "rangee": "A",
      "occupe": false,
      "place_pmr": true
    }
  },
  {
    "model": "cinephoria_webapp.siege",
    "pk": 176,
    "fields": {
      "salle": 22,
      "numero_siege": 3,
      "rangee": "A",
      "occupe": false,
      "place_pmr": true
    }
  },
  {
    "model": "cinephoria_webapp.siege",
    "pk": 177,
    "fields": {
      "salle": 22,
      "numero_siege": 4,
      "rangee": "A",
      "occupe": false,
      "place_pmr": false
    }
  },
  {
    "model": "cinephoria_webapp.siege",
    "pk": 178,
    "fields": {
      "salle": 22,
      "numero_siege": 5,
      "rangee": "A",
      "occupe": false,
      "place_pmr": false
    }
  },
  {
    "model": "cinephoria_webapp.siege",
    "pk": 179,
    "fields": {
      "salle": 22,
      "numero_siege": 6,
      "rangee": "B",
      "occupe": false,
      "place_pmr": false
    }
  },
  {
    "model": "cinephoria_webapp.siege",
    "pk": 180,
    "fields": {
      "salle": 22,
      "numero_siege": 7,
      "rangee": "B",
      "occupe": false,
      "place_pmr": false
    }
  },
  {
    "model": "cinephoria_webapp.siege",
    "pk": 181,
    "fields": {
      "salle": 22,
      "numero_siege": 8,
      "rangee": "B",
      "occupe": false,
      "place_pmr": false
    }
  },
  {
    "model": "cinephoria_webapp.siege",
    "pk": 182,
    "fields": {
      "salle": 22,
      "numero_siege": 9,
      "rangee": "B",
      "occupe": false,
      "place_pmr": false
    }
  },
  {
    "model": "cinephoria_webapp.siege",
    "pk": 183,
    "fields": {
      "salle": 22,
      "numero_siege": 10,
      "rangee": "B",
      "occupe": false,
      "place_pmr": false
    }
  },
  {
    "model": "cinephoria_webapp.siege",
    "pk": 184,
    "fields": {
      "salle": 22,
      "numero_siege": 11,
      "rangee": "C",
      "occupe": false,
      "place_pmr": false
    }
  },
  {
    "model": "cinephoria_webapp.siege",
    "pk": 185,
    "fields": {
      "salle": 22,
      "numero_siege": 12,
      "rangee": "C",
      "occupe": false,
      "place_pmr": false
    }
  },
  {
    "model": "cinephoria_webapp.siege",
    "pk": 186,
    "fields": {
      "salle": 22,
      "numero_siege": 13,
      "rangee": "C",
      "occupe": false,
      "place_pmr": false
    }
  },
  {
    "model": "cinephoria_webapp.siege",
    "pk": 187,
    "fields": {
      "salle": 22,
      "numero_siege": 14,
      "rangee": "C",
      "occupe": false,
      "place_pmr": false
    }
  },
  {
    "model": "cinephoria_webapp.siege",
    "pk": 188,
    "fields": {
      "salle": 22,
      "numero_siege": 15,
      "rangee": "C",
      "occupe": false,
      "place_pmr": false
    }
  },
  {
    "model": "cinephoria_webapp.siege",
    "pk": 189,
    "fields": {
      "salle": 22,
      "numero_siege": 16,
      "rangee": "D",
      "occupe": false,
      "place_pmr": false
    }
  },
  {
    "model": "cinephoria_webapp.siege",
    "pk": 190,
    "fields": {
      "salle": 22,
      "numero_siege": 17,
      "rangee": "D",
      "occupe": false,
      "place_pmr": false
    }
  },
  {
    "model": "cinephoria_webapp.siege",
    "pk": 191,
    "fields": {
      "salle": 22,
      "numero_siege": 18,
      "rangee": "D",
      "occupe": false,
      "place_pmr": false
    }
  },
  {
    "model": "cinephoria_webapp.siege",
    "pk": 192,
    "fields": {
      "salle": 22,
      "numero_siege": 19,
      "rangee": "D",
      "occupe": false,
      "place_pmr": false
    }
  },
  {
    "model": "cinephoria_webapp.siege",
    "pk": 193,
    "fields": {
      "salle": 22,
      "numero_siege": 20,
      "rangee": "D",
      "occupe": false,
      "place_pmr": false
    }
  },
  {
    "model": "cinephoria_webapp.siege",
    "pk": 194,
    "fields": {
      "salle": 22,
      "numero_siege": 21,
      "rangee": "E",
      "occupe": false,
      "place_pmr": false
    }
  },
  {
    "model": "cinephoria_webapp.siege",
    "pk": 195,
    "fields": {
      "salle": 22,
      "numero_siege": 22,
      "rangee": "E",
      "occupe": false,
      "place_pmr": false
    }
  },
  {
    "model": "cinephoria_webapp.siege",
    "pk": 196,
    "fields": {
      "salle": 22,
      "numero_siege": 23,
      "rangee": "E",
      "occupe": false,
      "place_pmr": false
    }
  },
  {
    "model": "cinephoria_webapp.siege",
    "pk": 197,
    "fields": {
      "salle": 22,
      "numero_siege": 24,
      "rangee": "E",
      "occupe": false,
      "place_pmr": false
    }
  },
  {
    "model": "cinephoria_webapp.siege",
    "pk": 198,
    "fields": {
      "salle": 22,
      "numero_siege": 25,
      "rangee": "E",
      "occupe": false,
      "place_pmr": false
    }
  },
  {
    "model": "cinephoria_webapp.siege",
    "pk": 199,
    "fields": {
      "salle": 22,
      "numero_siege": 26,
      "rangee": "F",
      "occupe": false,
      "place_pmr": false
    }
  },
  {
    "model": "cinephoria_webapp.siege",
    "pk": 200,
    "fields": {
      "salle": 22,
      "numero_siege": 27,
      "rangee": "F",
      "occupe": false,
      "place_pmr": false
    }
  },
  {
    "model": "cinephoria_webapp.siege",
    "pk": 201,
    "fields": {
      "salle": 22,
      "numero_siege": 28,
      "rangee": "F",
      "occupe": false,
      "place_pmr": false
    }
  },
  {
    "model": "cinephoria_webapp.siege",
    "pk": 202,
    "fields": {
      "salle": 22,
      "numero_siege": 29,
      "rangee": "F",
      "occupe": false,
      "place_pmr": false
    }
  },
  {
    "model": "cinephoria_webapp.siege",
    "pk": 203,
    "fields": {
      "salle": 22,
      "numero_siege": 30,
      "rangee": "F",
      "occupe": false,
      "place_pmr": false
    }
  },
  {
    "model": "cinephoria_webapp.siege",
    "pk": 204,
    "fields": {
      "salle": 23,
      "numero_siege": 1,
      "rangee": "A",
      "occupe": false,
      "place_pmr": true
    }
  },
  {
    "model": "cinephoria_webapp.siege",
    "pk": 205,
    "fields": {
      "salle": 23,
      "numero_siege": 2,
      "rangee": "A",
      "occupe": false,
      "place_pmr": true
    }
  },
  {
    "model": "cinephoria_webapp.siege",
    "pk": 206,
    "fields": {
      "salle": 23,
      "numero_siege": 3,
      "rangee": "A",
      "occupe": false,
      "place_pmr": true
    }
  },
  {
    "model": "cinephoria_webapp.siege",
    "pk": 207,
    "fields": {
      "salle": 23,
      "numero_siege": 4,
      "rangee": "A",
      "occupe": false,
      "place_pmr": false
    }
  },
  {
    "model": "cinephoria_webapp.siege",
    "pk": 208,
    "fields": {
      "salle": 23,
      "numero_siege": 5,
      "rangee": "A",
      "occupe": false,
      "place_pmr": false
    }
  },
  {
    "model": "cinephoria_webapp.siege",
    "pk": 209,
    "fields": {
      "salle": 23,
      "numero_siege": 6,
      "rangee": "B",
      "occupe": false,
      "place_pmr": false
    }
  },
  {
    "model": "cinephoria_webapp.siege",
    "pk": 210,
    "fields": {
      "salle": 23,
      "numero_siege": 7,
      "rangee": "B",
      "occupe": false,
      "place_pmr": false
    }
  },
  {
    "model": "cinephoria_webapp.siege",
    "pk": 211,
    "fields": {
      "salle": 23,
      "numero_siege": 8,
      "rangee": "B",
      "occupe": false,
      "place_pmr": false
    }
  },
  {
    "model": "cinephoria_webapp.siege",
    "pk": 212,
    "fields": {
      "salle": 23,
      "numero_siege": 9,
      "rangee": "B",
      "occupe": false,
      "place_pmr": false
    }
  },
  {
    "model": "cinephoria_webapp.siege",
    "pk": 213,
    "fields": {
      "salle": 23,
      "numero_siege": 10,
      "rangee": "B",
      "occupe": false,
      "place_pmr": false
    }
  },
  {
    "model": "cinephoria_webapp.siege",
    "pk": 214,
    "fields": {
      "salle": 23,
      "numero_siege": 11,
      "rangee": "C",
      "occupe": false,
      "place_pmr": false
    }
  },
  {
    "model": "cinephoria_webapp.siege",
    "pk": 215,
    "fields": {
      "salle": 23,
      "numero_siege": 12,
      "rangee": "C",
      "occupe": false,
      "place_pmr": false
    }
  },
  {
    "model": "cinephoria_webapp.siege",
    "pk": 216,
    "fields": {
      "salle": 23,
      "numero_siege": 13,
      "rangee": "C",
      "occupe": false,
      "place_pmr": false
    }
  },
  {
    "model": "cinephoria_webapp.siege",
    "pk": 217,
    "fields": {
      "salle": 23,
      "numero_siege": 14,
      "rangee": "C",
      "occupe": false,
      "place_pmr": false
    }
  },
  {
    "model": "cinephoria_webapp.siege",
    "pk": 218,
    "fields": {
      "salle": 23,
      "numero_siege": 15,
      "rangee": "C",
      "occupe": false,
      "place_pmr": false
    }
  },
  {
    "model": "cinephoria_webapp.siege",
    "pk": 219,
    "fields": {
      "salle": 23,
      "numero_siege": 16,
      "rangee": "D",
      "occupe": false,
      "place_pmr": false
    }
  },
  {
    "model": "cinephoria_webapp.siege",
    "pk": 220,
    "fields": {
      "salle": 23,
      "numero_siege": 17,
      "rangee": "D",
      "occupe": false,
      "place_pmr": false
    }
  },
  {
    "model": "cinephoria_webapp.siege",
    "pk": 221,
    "fields": {
      "salle": 23,
      "numero_siege": 18,
      "rangee": "D",
      "occupe": false,
      "place_pmr": false
    }
  },
  {
    "model": "cinephoria_webapp.siege",
    "pk": 222,
    "fields": {
      "salle": 23,
      "numero_siege": 19,
      "rangee": "D",
      "occupe": false,
      "place_pmr": false
    }
  },
  {
    "model": "cinephoria_webapp.siege",
    "pk": 223,
    "fields": {
      "salle": 23,
      "numero_siege": 20,
      "rangee": "D",
      "occupe": false,
      "place_pmr": false
    }
  },
  {
    "model": "cinephoria_webapp.siege",
    "pk": 224,
    "fields": {
      "salle": 23,
      "numero_siege": 21,
      "rangee": "E",
      "occupe": false,
      "place_pmr": false
    }
  },
  {
    "model": "cinephoria_webapp.siege",
    "pk": 225,
    "fields": {
      "salle": 23,
      "numero_siege": 22,
      "rangee": "E",
      "occupe": false,
      "place_pmr": false
    }
  },
  {
    "model": "cinephoria_webapp.siege",
    "pk": 226,
    "fields": {
      "salle": 23,
      "numero_siege": 23,
      "rangee": "E",
      "occupe": false,
      "place_pmr": false
    }
  },
  {
    "model": "cinephoria_webapp.siege",
    "pk": 227,
    "fields": {
      "salle": 23,
      "numero_siege": 24,
      "rangee": "E",
      "occupe": false,
      "place_pmr": false
    }
  },
  {
    "model": "cinephoria_webapp.siege",
    "pk": 228,
    "fields": {
      "salle": 23,
      "numero_siege": 25,
      "rangee": "E",
      "occupe": false,
      "place_pmr": false
    }
  },
  {
    "model": "cinephoria_webapp.siege",
    "pk": 229,
    "fields": {
      "salle": 23,
      "numero_siege": 26,
      "rangee": "F",
      "occupe": false,
      "place_pmr": false
    }
  },
  {
    "model": "cinephoria_webapp.siege",
    "pk": 230,
    "fields": {
      "salle": 23,
      "numero_siege": 27,
      "rangee": "F",
      "occupe": false,
      "place_pmr": false
    }
  },
  {
    "model": "cinephoria_webapp.siege",
    "pk": 231,
    "fields": {
      "salle": 23,
      "numero_siege": 28,
      "rangee": "F",
      "occupe": false,
      "place_pmr": false
    }
  },
  {
    "model": "cinephoria_webapp.siege",
    "pk": 232,
    "fields": {
      "salle": 23,
      "numero_siege": 29,
      "rangee": "F",
      "occupe": false,
      "place_pmr": false
    }
  },
  {
    "model": "cinephoria_webapp.siege",
    "pk": 233,
    "fields": {
      "salle": 23,
      "numero_siege": 30,
      "rangee": "F",
      "occupe": false,
      "place_pmr": false
    }
  },
  {
    "model": "cinephoria_webapp.film",
    "pk": 234,
    "fields": {
      "titre": "Code z\u00e9ro",
      "duree": 90,
      "synopsis": "Synopsis du film Code z\u00e9ro.",
      "affiche": null,
      "date_ajout": "2025-05-20",
      "date_sortie": "2025-05-20",
      "age_minimum": 0,
      "label_coup_de_coeur": true,
      "note": 3.4,
      "genre": 4,
      "dernier_modificateur": null,
      "cinemas": [
        16,
        13,
        10
      ]
    }
  },
  {
    "model": "cinephoria_webapp.seance",
    "pk": 235,
    "fields": {
      "film": 234,
      "salle": 23,
      "heure_debut": "20:00",
      "heure_fin": "21:30",
      "jours_diffusion": [
        4,
        5,
        6
      ]
    }
  },
  {
    "model": "cinephoria_webapp.seance",
    "pk": 236,
    "fields": {
      "film": 234,
      "salle": 20,
      "heure_debut": "20:00",
      "heure_fin": "21:30",
      "jours_diffusion": [
        4,
        5,
        6
      ]
    }
  },
  {
    "model": "cinephoria_webapp.seance",
    "pk": 237,
    "fields": {
      "film": 234,
      "salle": 17,
      "heure_debut": "20:00",
      "heure_fin": "21:30",
      "jours_diffusion": [
        4,
        5,
        6
      ]
    }
  },
  {
    "model": "cinephoria_webapp.film",
    "pk": 238,
    "fields": {
      "titre": "Coeur \u00e0 contretemps",
      "duree": 110,
      "synopsis": "Synopsis du film Coeur \u00e0 contretemps.",
      "affiche": null,
      "date_ajout": "2025-05-20",
      "date_sortie": "2025-05-10",
      "age_minimum": 12,
      "label_coup_de_coeur": true,
      "note": 4.6,
      "genre": 3,
      "dernier_modificateur": null,
      "cinemas": [
        14,
        13,
        10
      ]
    }
  },
  {
    "model": "cinephoria_webapp.seance",
    "pk": 239,
    "fields": {
      "film": 238,
      "salle": 21,
      "heure_debut": "20:00",
      "heure_fin": "21:30",
      "jours_diffusion": [
        4,
        5,
        6
      ]
    }
  },
  {
    "model": "cinephoria_webapp.seance",
    "pk": 240,
    "fields": {
      "film": 238,
      "salle": 20,
      "heure_debut": "20:00",
      "heure_fin": "21:30",
      "jours_diffusion": [
        4,
        5,
        6
      ]
    }
  },
  {
    "model": "cinephoria_webapp.seance",
    "pk": 241,
    "fields": {
      "film": 238,
      "salle": 17,
      "heure_debut": "20:00",
      "heure_fin": "21:30",
      "jours_diffusion": [
        4,
        5,
        6
      ]
    }
  },
  {
    "model": "cinephoria_webapp.film",
    "pk": 242,
    "fields": {
      "titre": "Confusion totale",
      "duree": 120,
      "synopsis": "Synopsis du film Confusion totale.",
      "affiche": null,
      "date_ajout": "2025-05-20",
      "date_sortie": "2025-04-30",
      "age_minimum": 0,
      "label_coup_de_coeur": true,
      "note": 3.3,
      "genre": 2,
      "dernier_modificateur": null,
      "cinemas": [
        16,
        10,
        11
      ]
    }
  },
  {
    "model": "cinephoria_webapp.seance",
    "pk": 243,
    "fields": {
      "film": 242,
      "salle": 23,
      "heure_debut": "20:00",
      "heure_fin": "21:30",
      "jours_diffusion": [
        4,
        5,
        6
      ]
    }
  },
  {
    "model": "cinephoria_webapp.seance",
    "pk": 244,
    "fields": {
      "film": 242,
      "salle": 17,
      "heure_debut": "20:00",
      "heure_fin": "21:30",
      "jours_diffusion": [
        4,
        5,
        6
      ]
    }
  },
  {
    "model": "cinephoria_webapp.seance",
    "pk": 245,
    "fields": {
      "film": 242,
      "salle": 18,
      "heure_debut": "20:00",
      "heure_fin": "21:30",
      "jours_diffusion": [
        4,
        5,
        6
      ]
    }
  },
  {
    "model": "cinephoria_webapp.film",
    "pk": 246,
    "fields": {
      "titre": "Divorce et ricochets",
      "duree": 120,
      "synopsis": "Synopsis du film Divorce et ricochets.",
      "affiche": null,
      "date_ajout": "2025-05-20",
      "date_sortie": "2025-04-20",
      "age_minimum": 0,
      "label_coup_de_coeur": false,
      "note": 4.9,
      "genre": 2,
      "dernier_modificateur": null,
      "cinemas": [
        15,
        14,
        11
      ]
    }
  },
  {
    "model": "cinephoria_webapp.seance",
    "pk": 247,
    "fields": {
      "film": 246,
      "salle": 22,
      "heure_debut": "20:00",
      "heure_fin": "21:30",
      "jours_diffusion": [
        4,
        5,
        6
      ]
    }
  },
  {
    "model": "cinephoria_webapp.seance",
    "pk": 248,
    "fields": {
      "film": 246,
      "salle": 21,
      "heure_debut": "20:00",
      "heure_fin": "21:30",
      "jours_diffusion": [
        4,
        5,
        6
      ]
    }
  },
  {
    "model": "cinephoria_webapp.seance",
    "pk": 249,
    "fields": {
      "film": 246,
      "salle": 18,
      "heure_debut": "20:00",
      "heure_fin": "21:30",
      "jours_diffusion": [
        4,
        5,
        6
      ]
    }
  },
  {
    "model": "cinephoria_webapp.film",
    "pk": 250,
    "fields": {
      "titre": "La foret des murmures",
      "duree": 90,
      "synopsis": "Synopsis du film La foret des murmures.",
      "affiche": null,
      "date_ajout": "2025-05-20",
      "date_sortie": "2025-04-10",
      "age_minimum": 7,
      "label_coup_de_coeur": true,
      "note": 3.0,
      "genre": 5,
      "dernier_modificateur": null,
      "cinemas": [
        15,
        12,
        16
      ]
    }
  },
  {
    "model": "cinephoria_webapp.seance",
    "pk": 251,
    "fields": {
      "film": 250,
      "salle": 22,
      "heure_debut": "20:00",
      "heure_fin": "21:30",
      "jours_diffusion": [
        4,
        5,
        6
      ]
    }
  },
  {
    "model": "cinephoria_webapp.seance",
    "pk": 252,
    "fields": {
      "film": 250,
      "salle": 19,
      "heure_debut": "20:00",
      "heure_fin": "21:30",
      "jours_diffusion": [
        4,
        5,
        6
      ]
    }
  },
  {
    "model": "cinephoria_webapp.seance",
    "pk": 253,
    "fields": {
      "film": 250,
      "salle": 23,
      "heure_debut": "20:00",
      "heure_fin": "21:30",
      "jours_diffusion": [
        4,
        5,
        6
      ]
    }
  },
  {
    "model": "cinephoria_webapp.film",
    "pk": 254,
    "fields": {
      "titre": "Le masque du revenant",
      "duree": 110,
      "synopsis": "Synopsis du film Le masque du revenant.",
      "affiche": null,
      "date_ajout": "2025-05-20",
      "date_sortie": "2025-03-31",
      "age_minimum": 12,
      "label_coup_de_coeur": false,
      "note": 4.8,
      "genre": 5,
      "dernier_modificateur": null,
      "cinemas": [
        14,
        16,
        13
      ]
    }
  },
  {
    "model": "cinephoria_webapp.seance",
    "pk": 255,
    "fields": {
      "film": 254,
      "salle": 21,
      "heure_debut": "20:00",
      "heure_fin": "21:30",
      "jours_diffusion": [
        4,
        5,
        6
      ]
    }
  },
  {
    "model": "cinephoria_webapp.seance",
    "pk": 256,
    "fields": {
      "film": 254,
      "salle": 23,
      "heure_debut": "20:00",
      "heure_fin": "21:30",
      "jours_diffusion": [
        4,
        5,
        6
      ]
    }
  },
  {
    "model": "cinephoria_webapp.seance",
    "pk": 257,
    "fields": {
      "film": 254,
      "salle": 20,
      "heure_debut": "20:00",
      "heure_fin": "21:30",
      "jours_diffusion": [
        4,
        5,
        6
      ]
    }
  },
  {
    "model": "cinephoria_webapp.film",
    "pk": 258,
    "fields": {
      "titre": "Le royaume cach\u00e9",
      "duree": 90,
      "synopsis": "Synopsis du film Le royaume cach\u00e9.",
      "affiche": null,
      "date_ajout": "2025-05-20",
      "date_sortie": "2025-03-21",
      "age_minimum": 7,
      "label_coup_de_coeur": false,
      "note": 4.8,
      "genre": 6,
      "dernier_modificateur": null,
      "cinemas": [
        13,
        14,
        16
      ]
    }
  },
  {
    "model": "cinephoria_webapp.seance",
    "pk": 259,
    "fields": {
      "film": 258,
      "salle": 20,
      "heure_debut": "20:00",
      "heure_fin": "21:30",
      "jours_diffusion": [
        4,
        5,
        6
      ]
    }
  },
  {
    "model": "cinephoria_webapp.seance",
    "pk": 260,
    "fields": {
      "film": 258,
      "salle": 21,
      "heure_debut": "20:00",
      "heure_fin": "21:30",
      "jours_diffusion": [
        4,
        5,
        6
      ]
    }
  },
  {
    "model": "cinephoria_webapp.seance",
    "pk": 261,
    "fields": {
      "film": 258,
      "salle": 23,
      "heure_debut": "20:00",
      "heure_fin": "21:30",
      "jours_diffusion": [
        4,
        5,
        6
      ]
    }
  },
  {
    "model": "cinephoria_webapp.film",
    "pk": 262,
    "fields": {
      "titre": "Le voyage des coeurs vaillants",
      "duree": 110,
      "synopsis": "Synopsis du film Le voyage des coeurs vaillants.",
      "affiche": null,
      "date_ajout": "2025-05-20",
      "date_sortie": "2025-03-11",
      "age_minimum": 0,
      "label_coup_de_coeur": false,
      "note": 3.1,
      "genre": 3,
      "dernier_modificateur": null,
      "cinemas": [
        10,
        14,
        13
      ]
    }
  },
  {
    "model": "cinephoria_webapp.seance",
    "pk": 263,
    "fields": {
      "film": 262,
      "salle": 17,
      "heure_debut": "20:00",
      "heure_fin": "21:30",
      "jours_diffusion": [
        4,
        5,
        6
      ]
    }
  },
  {
    "model": "cinephoria_webapp.seance",
    "pk": 264,
    "fields": {
      "film": 262,
      "salle": 21,
      "heure_debut": "20:00",
      "heure_fin": "21:30",
      "jours_diffusion": [
        4,
        5,
        6
      ]
    }
  },
  {
    "model": "cinephoria_webapp.seance",
    "pk": 265,
    "fields": {
      "film": 262,
      "salle": 20,
      "heure_debut": "20:00",
      "heure_fin": "21:30",
      "jours_diffusion": [
        4,
        5,
        6
      ]
    }
  },
  {
    "model": "cinephoria_webapp.film",
    "pk": 266,
    "fields": {
      "titre": "Les enfants de l'hyperespace",
      "duree": 110,
      "synopsis": "Synopsis du film Les enfants de l'hyperespace.",
      "affiche": null,
      "date_ajout": "2025-05-20",
      "date_sortie": "2025-03-01",
      "age_minimum": 7,
      "label_coup_de_coeur": true,
      "note": 4.3,
      "genre": 1,
      "dernier_modificateur": null,
      "cinemas": [
        15,
        16,
        14
      ]
    }
  },
  {
    "model": "cinephoria_webapp.seance",
    "pk": 267,
    "fields": {
      "film": 266,
      "salle": 22,
      "heure_debut": "20:00",
      "heure_fin": "21:30",
      "jours_diffusion": [
        4,
        5,
        6
      ]
    }
  },
  {
    "model": "cinephoria_webapp.seance",
    "pk": 268,
    "fields": {
      "film": 266,
      "salle": 23,
      "heure_debut": "20:00",
      "heure_fin": "21:30",
      "jours_diffusion": [
        4,
        5,
        6
      ]
    }
  },
  {
    "model": "cinephoria_webapp.seance",
    "pk": 269,
    "fields": {
      "film": 266,
      "salle": 21,
      "heure_debut": "20:00",
      "heure_fin": "21:30",
      "jours_diffusion": [
        4,
        5,
        6
      ]
    }
  },
  {
    "model": "cinephoria_webapp.film",
    "pk": 270,
    "fields": {
      "titre": "Les vacances de Tonton Gaston",
      "duree": 110,
      "synopsis": "Synopsis du film Les vacances de Tonton Gaston.",
      "affiche": null,
      "date_ajout": "2025-05-20",
      "date_sortie": "2025-02-19",
      "age_minimum": 0,
      "label_coup_de_coeur": false,
      "note": 4.0,
      "genre": 2,
      "dernier_modificateur": null,
      "cinemas": [
        11,
        13,
        16
      ]
    }
  },
  {
    "model": "cinephoria_webapp.seance",
    "pk": 271,
    "fields": {
      "film": 270,
      "salle": 18,
      "heure_debut": "20:00",
      "heure_fin": "21:30",
      "jours_diffusion": [
        4,
        5,
        6
      ]
    }
  },
  {
    "model": "cinephoria_webapp.seance",
    "pk": 272,
    "fields": {
      "film": 270,
      "salle": 20,
      "heure_debut": "20:00",
      "heure_fin": "21:30",
      "jours_diffusion": [
        4,
        5,
        6
      ]
    }
  },
  {
    "model": "cinephoria_webapp.seance",
    "pk": 273,
    "fields": {
      "film": 270,
      "salle": 23,
      "heure_debut": "20:00",
      "heure_fin": "21:30",
      "jours_diffusion": [
        4,
        5,
        6
      ]
    }
  },
  {
    "model": "cinephoria_webapp.film",
    "pk": 274,
    "fields": {
      "titre": "Op\u00e9ration blackout",
      "duree": 100,
      "synopsis": "Synopsis du film Op\u00e9ration blackout.",
      "affiche": null,
      "date_ajout": "2025-05-20",
      "date_sortie": "2025-02-09",
      "age_minimum": 7,
      "label_coup_de_coeur": false,
      "note": 3.6,
      "genre": 4,
      "dernier_modificateur": null,
      "cinemas": [
        15,
        16,
        12
      ]
    }
  },
  {
    "model": "cinephoria_webapp.seance",
    "pk": 275,
    "fields": {
      "film": 274,
      "salle": 22,
      "heure_debut": "20:00",
      "heure_fin": "21:30",
      "jours_diffusion": [
        4,
        5,
        6
      ]
    }
  },
  {
    "model": "cinephoria_webapp.seance",
    "pk": 276,
    "fields": {
      "film": 274,
      "salle": 23,
      "heure_debut": "20:00",
      "heure_fin": "21:30",
      "jours_diffusion": [
        4,
        5,
        6
      ]
    }
  },
  {
    "model": "cinephoria_webapp.seance",
    "pk": 277,
    "fields": {
      "film": 274,
      "salle": 19,
      "heure_debut": "20:00",
      "heure_fin": "21:30",
      "jours_diffusion": [
        4,
        5,
        6
      ]
    }
  },
  {
    "model": "cinephoria_webapp.film",
    "pk": 278,
    "fields": {
      "titre": "Plan\u00e8te Mars",
      "duree": 100,
      "synopsis": "Synopsis du film Plan\u00e8te Mars.",
      "affiche": null,
      "date_ajout": "2025-05-20",
      "date_sortie": "2025-01-30",
      "age_minimum": 7,
      "label_coup_de_coeur": true,
      "note": 3.3,
      "genre": 1,
      "dernier_modificateur": null,
      "cinemas": [
        12,
        13,
        10
      ]
    }
  },
  {
    "model": "cinephoria_webapp.seance",
    "pk": 279,
    "fields": {
      "film": 278,
      "salle": 19,
      "heure_debut": "20:00",
      "heure_fin": "21:30",
      "jours_diffusion": [
        4,
        5,
        6
      ]
    }
  },
  {
    "model": "cinephoria_webapp.seance",
    "pk": 280,
    "fields": {
      "film": 278,
      "salle": 20,
      "heure_debut": "20:00",
      "heure_fin": "21:30",
      "jours_diffusion": [
        4,
        5,
        6
      ]
    }
  },
  {
    "model": "cinephoria_webapp.seance",
    "pk": 281,
    "fields": {
      "film": 278,
      "salle": 17,
      "heure_debut": "20:00",
      "heure_fin": "21:30",
      "jours_diffusion": [
        4,
        5,
        6
      ]
    }
  },
  {
    "model": "cinephoria_webapp.film",
    "pk": 282,
    "fields": {
      "titre": "Startup en d\u00e9lire",
      "duree": 90,
      "synopsis": "Synopsis du film Startup en d\u00e9lire.",
      "affiche": null,
      "date_ajout": "2025-05-20",
      "date_sortie": "2025-01-20",
      "age_minimum": 7,
      "label_coup_de_coeur": true,
      "note": 3.8,
      "genre": 2,
      "dernier_modificateur": null,
      "cinemas": [
        15,
        12,
        14
      ]
    }
  },
  {
    "model": "cinephoria_webapp.seance",
    "pk": 283,
    "fields": {
      "film": 282,
      "salle": 22,
      "heure_debut": "20:00",
      "heure_fin": "21:30",
      "jours_diffusion": [
        4,
        5,
        6
      ]
    }
  },
  {
    "model": "cinephoria_webapp.seance",
    "pk": 284,
    "fields": {
      "film": 282,
      "salle": 19,
      "heure_debut": "20:00",
      "heure_fin": "21:30",
      "jours_diffusion": [
        4,
        5,
        6
      ]
    }
  },
  {
    "model": "cinephoria_webapp.seance",
    "pk": 285,
    "fields": {
      "film": 282,
      "salle": 21,
      "heure_debut": "20:00",
      "heure_fin": "21:30",
      "jours_diffusion": [
        4,
        5,
        6
      ]
    }
  },
  {
    "model": "cinephoria_webapp.film",
    "pk": 286,
    "fields": {
      "titre": "Tatie d\u00e9raille",
      "duree": 120,
      "synopsis": "Synopsis du film Tatie d\u00e9raille.",
      "affiche": null,
      "date_ajout": "2025-05-20",
      "date_sortie": "2025-01-10",
      "age_minimum": 12,
      "label_coup_de_coeur": true,
      "note": 4.8,
      "genre": 2,
      "dernier_modificateur": null,
      "cinemas": [
        16,
        12,
        11
      ]
    }
  },
  {
    "model": "cinephoria_webapp.seance",
    "pk": 287,
    "fields": {
      "film": 286,
      "salle": 23,
      "heure_debut": "20:00",
      "heure_fin": "21:30",
      "jours_diffusion": [
        4,
        5,
        6
      ]
    }
  },
  {
    "model": "cinephoria_webapp.seance",
    "pk": 288,
    "fields": {
      "film": 286,
      "salle": 19,
      "heure_debut": "20:00",
      "heure_fin": "21:30",
      "jours_diffusion": [
        4,
        5,
        6
      ]
    }
  },
  {
    "model": "cinephoria_webapp.seance",
    "pk": 289,
    "fields": {
      "film": 286,
      "salle": 18,
      "heure_debut": "20:00",
      "heure_fin": "21:30",
      "jours_diffusion": [
        4,
        5,
        6
      ]
    }
  }
]