[
  {
    "model": "cinephoria_webapp.genre",
    "fields": {
      "genre": "Science-fiction"
    },
    "pk": 1
  },
  {
    "model": "cinephoria_webapp.genre",
    "fields": {
      "genre": "Comédie"
    },
    "pk": 2
  },
  {
    "model": "cinephoria_webapp.genre",
    "fields": {
      "genre": "Drame"
    },
    "pk": 3
  },
  {
    "model": "cinephoria_webapp.genre",
    "fields": {
      "genre": "Fantastique"
    },
    "pk": 4
  },
  {
    "model": "cinephoria_webapp.genre",
    "fields": {
      "genre": "Animation"
    },
    "pk": 5
  },
  {
    "model": "cinephoria_webapp.cinema",
    "fields": {
      "nom": "Cinéphoria Paris",
      "ville": "Paris",
      "adresse": "1 rue du cinéma",
      "cp": "75000",
      "pays": "France",
      "telephone": "01 23 45 67 89",
      "horaire_ouverture": "10:00",
      "horaire_fermeture": "23:00"
    },
    "pk": 1
  },
  {
    "model": "cinephoria_webapp.cinema",
    "fields": {
      "nom": "Cinéphoria Nantes",
      "ville": "Nantes",
      "adresse": "1 rue du cinéma",
      "cp": "75000",
      "pays": "France",
      "telephone": "01 23 45 67 89",
      "horaire_ouverture": "10:00",
      "horaire_fermeture": "23:00"
    },
    "pk": 2
  },
  {
    "model": "cinephoria_webapp.cinema",
    "fields": {
      "nom": "Cinéphoria Toulouse",
      "ville": "Toulouse",
      "adresse": "1 rue du cinéma",
      "cp": "75000",
      "pays": "France",
      "telephone": "01 23 45 67 89",
      "horaire_ouverture": "10:00",
      "horaire_fermeture": "23:00"
    },
    "pk": 3
  },
  {
    "model": "cinephoria_webapp.cinema",
    "fields": {
      "nom": "Cinéphoria Bordeaux",
      "ville": "Bordeaux",
      "adresse": "1 rue du cinéma",
      "cp": "75000",
      "pays": "France",
      "telephone": "01 23 45 67 89",
      "horaire_ouverture": "10:00",
      "horaire_fermeture": "23:00"
    },
    "pk": 4
  },
  {
    "model": "cinephoria_webapp.cinema",
    "fields": {
      "nom": "Cinéphoria Lille",
      "ville": "Lille",
      "adresse": "1 rue du cinéma",
      "cp": "75000",
      "pays": "France",
      "telephone": "01 23 45 67 89",
      "horaire_ouverture": "10:00",
      "horaire_fermeture": "23:00"
    },
    "pk": 5
  },
  {
    "model": "cinephoria_webapp.cinema",
    "fields": {
      "nom": "Cinéphoria Charleroi",
      "ville": "Charleroi",
      "pays": "Belgique",
      "adresse": "1 rue du cinéma",
      "cp": "75000",
      "telephone": "01 23 45 67 89",
      "horaire_ouverture": "10:00",
      "horaire_fermeture": "23:00"
    },
    "pk": 6
  },
  {
    "model": "cinephoria_webapp.cinema",
    "fields": {
      "nom": "Cinéphoria Liège",
      "ville": "Liège",
      "pays": "Belgique",
      "adresse": "1 rue du cinéma",
      "cp": "75000",
      "telephone": "01 23 45 67 89",
      "horaire_ouverture": "10:00",
      "horaire_fermeture": "23:00"
    },
    "pk": 7
  },
  {
    "model": "cinephoria_webapp.qualite",
    "pk": 1,
    "fields": {
      "type_qualite": "4K",
      "prix_seance": 14.5,
      "logo_qualite": "default/logo.png"
    }
  },
  {
    "model": "cinephoria_webapp.qualite",
    "pk": 2,
    "fields": {
      "type_qualite": "3D",
      "prix_seance": 13.0,
      "logo_qualite": "default/logo.png"
    }
  },
  {
    "model": "cinephoria_webapp.qualite",
    "pk": 3,
    "fields": {
      "type_qualite": "Standard",
      "prix_seance": 10.0,
      "logo_qualite": "default/logo.png"
    }
  },
  {
    "model": "cinephoria_webapp.salle",
    "fields": {
      "numero_salle": "1",
      "total_places": 40,
      "places_pmr": 2,
      "qualite": 2,
      "cinema": 1
    },
    "pk": 1
  },
  {
    "model": "cinephoria_webapp.salle",
    "fields": {
      "numero_salle": "2",
      "total_places": 40,
      "places_pmr": 2,
      "qualite": 3,
      "cinema": 1
    },
    "pk": 2
  },
  {
    "model": "cinephoria_webapp.salle",
    "fields": {
      "numero_salle": "1",
      "total_places": 40,
      "places_pmr": 2,
      "qualite": 2,
      "cinema": 2
    },
    "pk": 3
  },
  {
    "model": "cinephoria_webapp.salle",
    "fields": {
      "numero_salle": "2",
      "total_places": 40,
      "places_pmr": 2,
      "qualite": 3,
      "cinema": 2
    },
    "pk": 4
  },
  {
    "model": "cinephoria_webapp.salle",
    "fields": {
      "numero_salle": "1",
      "total_places": 40,
      "places_pmr": 2,
      "qualite": 2,
      "cinema": 3
    },
    "pk": 5
  },
  {
    "model": "cinephoria_webapp.salle",
    "fields": {
      "numero_salle": "2",
      "total_places": 40,
      "places_pmr": 2,
      "qualite": 3,
      "cinema": 3
    },
    "pk": 6
  },
  {
    "model": "cinephoria_webapp.salle",
    "fields": {
      "numero_salle": "1",
      "total_places": 40,
      "places_pmr": 2,
      "qualite": 2,
      "cinema": 4
    },
    "pk": 7
  },
  {
    "model": "cinephoria_webapp.salle",
    "fields": {
      "numero_salle": "2",
      "total_places": 40,
      "places_pmr": 2,
      "qualite": 3,
      "cinema": 4
    },
    "pk": 8
  },
  {
    "model": "cinephoria_webapp.salle",
    "fields": {
      "numero_salle": "1",
      "total_places": 40,
      "places_pmr": 2,
      "qualite": 2,
      "cinema": 5
    },
    "pk": 9
  },
  {
    "model": "cinephoria_webapp.salle",
    "fields": {
      "numero_salle": "2",
      "total_places": 40,
      "places_pmr": 2,
      "qualite": 3,
      "cinema": 5
    },
    "pk": 10
  },
  {
    "model": "cinephoria_webapp.salle",
    "fields": {
      "numero_salle": "1",
      "total_places": 40,
      "places_pmr": 2,
      "qualite": 2,
      "cinema": 6
    },
    "pk": 11
  },
  {
    "model": "cinephoria_webapp.salle",
    "fields": {
      "numero_salle": "2",
      "total_places": 40,
      "places_pmr": 2,
      "qualite": 3,
      "cinema": 6
    },
    "pk": 12
  },
  {
    "model": "cinephoria_webapp.salle",
    "fields": {
      "numero_salle": "1",
      "total_places": 40,
      "places_pmr": 2,
      "qualite": 2,
      "cinema": 7
    },
    "pk": 13
  },
  {
    "model": "cinephoria_webapp.salle",
    "fields": {
      "numero_salle": "2",
      "total_places": 40,
      "places_pmr": 2,
      "qualite": 3,
      "cinema": 7
    },
    "pk": 14
  },
  {
    "model": "cinephoria_webapp.film",
    "fields": {
      "titre": "Code zéro",
      "duree": 110,
      "synopsis": "Synopsis du film Code zéro",
      "age_minimum": 12,
      "label_coup_de_coeur": false,
      "note": 4.0,
      "genre": 1,
      "dernier_modificateur": 1,
      "date_ajout": "2025-05-14",
      "date_sortie": "2025-05-14",
      "date_derniere_modification": "2025-05-14",
      "cinemas": [
        1,
        2,
        3
      ]
    },
    "pk": 1
  },
  {
    "model": "cinephoria_webapp.film",
    "fields": {
      "titre": "Coeur à contretemps",
      "duree": 110,
      "synopsis": "Synopsis du film Coeur à contretemps",
      "age_minimum": 12,
      "label_coup_de_coeur": false,
      "note": 4.0,
      "genre": 3,
      "dernier_modificateur": 1,
      "date_ajout": "2025-05-14",
      "date_sortie": "2025-05-01",
      "date_derniere_modification": "2025-05-14",
      "cinemas": [
        1,
        2,
        3
      ]
    },
    "pk": 2
  },
  {
    "model": "cinephoria_webapp.film",
    "fields": {
      "titre": "Confusion totale",
      "duree": 110,
      "synopsis": "Synopsis du film Confusion totale",
      "age_minimum": 12,
      "label_coup_de_coeur": true,
      "note": 4.0,
      "genre": 2,
      "dernier_modificateur": 1,
      "date_ajout": "2025-05-14",
      "date_sortie": "2025-05-01",
      "date_derniere_modification": "2025-05-14",
      "cinemas": [
        1,
        2,
        3
      ]
    },
    "pk": 3
  },
  {
    "model": "cinephoria_webapp.film",
    "fields": {
      "titre": "Divorce et ricochets",
      "duree": 110,
      "synopsis": "Synopsis du film Divorce et ricochets",
      "age_minimum": 12,
      "label_coup_de_coeur": false,
      "note": 4.0,
      "genre": 2,
      "dernier_modificateur": 1,
      "date_ajout": "2025-05-14",
      "date_sortie": "2025-05-01",
      "date_derniere_modification": "2025-05-14",
      "cinemas": [
        1,
        2,
        3
      ]
    },
    "pk": 4
  },
  {
    "model": "cinephoria_webapp.film",
    "fields": {
      "titre": "La foret des murmures",
      "duree": 110,
      "synopsis": "Synopsis du film La foret des murmures",
      "age_minimum": 12,
      "label_coup_de_coeur": false,
      "note": 4.0,
      "genre": 4,
      "dernier_modificateur": 1,
      "date_ajout": "2025-05-14",
      "date_sortie": "2025-05-01",
      "date_derniere_modification": "2025-05-14",
      "cinemas": [
        1,
        2,
        3
      ]
    },
    "pk": 5
  },
  {
    "model": "cinephoria_webapp.film",
    "fields": {
      "titre": "le masque du revenant",
      "duree": 110,
      "synopsis": "Synopsis du film le masque du revenant",
      "age_minimum": 12,
      "label_coup_de_coeur": true,
      "note": 4.0,
      "genre": 4,
      "dernier_modificateur": 1,
      "date_ajout": "2025-05-14",
      "date_sortie": "2025-05-01",
      "date_derniere_modification": "2025-05-14",
      "cinemas": [
        1,
        2,
        3
      ]
    },
    "pk": 6
  },
  {
    "model": "cinephoria_webapp.film",
    "fields": {
      "titre": "Le royaume caché",
      "duree": 110,
      "synopsis": "Synopsis du film Le royaume caché",
      "age_minimum": 12,
      "label_coup_de_coeur": false,
      "note": 4.0,
      "genre": 4,
      "dernier_modificateur": 1,
      "date_ajout": "2025-05-14",
      "date_sortie": "2025-05-01",
      "date_derniere_modification": "2025-05-14",
      "cinemas": [
        1,
        2,
        3
      ]
    },
    "pk": 7
  },
  {
    "model": "cinephoria_webapp.film",
    "fields": {
      "titre": "Le voyage des coeurs vaillants",
      "duree": 110,
      "synopsis": "Synopsis du film Le voyage des coeurs vaillants",
      "age_minimum": 12,
      "label_coup_de_coeur": false,
      "note": 4.0,
      "genre": 5,
      "dernier_modificateur": 1,
      "date_ajout": "2025-05-14",
      "date_sortie": "2025-05-01",
      "date_derniere_modification": "2025-05-14",
      "cinemas": [
        1,
        2,
        3
      ]
    },
    "pk": 8
  },
  {
    "model": "cinephoria_webapp.film",
    "fields": {
      "titre": "Les enfants de l'hyperespace",
      "duree": 110,
      "synopsis": "Synopsis du film Les enfants de l'hyperespace",
      "age_minimum": 12,
      "label_coup_de_coeur": true,
      "note": 4.0,
      "genre": 1,
      "dernier_modificateur": 1,
      "date_ajout": "2025-05-14",
      "date_sortie": "2025-05-01",
      "date_derniere_modification": "2025-05-14",
      "cinemas": [
        1,
        2,
        3
      ]
    },
    "pk": 9
  },
  {
    "model": "cinephoria_webapp.film",
    "fields": {
      "titre": "les vacances de Tonton Gaston",
      "duree": 110,
      "synopsis": "Synopsis du film les vacances de Tonton Gaston",
      "age_minimum": 12,
      "label_coup_de_coeur": false,
      "note": 4.0,
      "genre": 2,
      "dernier_modificateur": 1,
      "date_ajout": "2025-05-14",
      "date_sortie": "2025-05-01",
      "date_derniere_modification": "2025-05-14",
      "cinemas": [
        1,
        2,
        3
      ]
    },
    "pk": 10
  },
  {
    "model": "cinephoria_webapp.film",
    "fields": {
      "titre": "Opération blackout",
      "duree": 110,
      "synopsis": "Synopsis du film Opération blackout",
      "age_minimum": 12,
      "label_coup_de_coeur": false,
      "note": 4.0,
      "genre": 1,
      "dernier_modificateur": 1,
      "date_ajout": "2025-05-14",
      "date_sortie": "2025-05-01",
      "date_derniere_modification": "2025-05-14",
      "cinemas": [
        1,
        2,
        3
      ]
    },
    "pk": 11
  },
  {
    "model": "cinephoria_webapp.film",
    "fields": {
      "titre": "Planète Mars",
      "duree": 110,
      "synopsis": "Synopsis du film Planète Mars",
      "age_minimum": 12,
      "label_coup_de_coeur": true,
      "note": 4.0,
      "genre": 1,
      "dernier_modificateur": 1,
      "date_ajout": "2025-05-14",
      "date_sortie": "2025-05-01",
      "date_derniere_modification": "2025-05-14",
      "cinemas": [
        1,
        2,
        3
      ]
    },
    "pk": 12
  },
  {
    "model": "cinephoria_webapp.film",
    "fields": {
      "titre": "Startup en délire",
      "duree": 110,
      "synopsis": "Synopsis du film Startup en délire",
      "age_minimum": 12,
      "label_coup_de_coeur": false,
      "note": 4.0,
      "genre": 2,
      "dernier_modificateur": 1,
      "date_ajout": "2025-05-14",
      "date_sortie": "2025-05-01",
      "date_derniere_modification": "2025-05-14",
      "cinemas": [
        1,
        2,
        3
      ]
    },
    "pk": 13
  },
  {
    "model": "cinephoria_webapp.film",
    "fields": {
      "titre": "Tatie déraille",
      "duree": 110,
      "synopsis": "Synopsis du film Tatie déraille",
      "age_minimum": 12,
      "label_coup_de_coeur": false,
      "note": 4.0,
      "genre": 2,
      "dernier_modificateur": 1,
      "date_ajout": "2025-05-14",
      "date_sortie": "2025-05-01",
      "date_derniere_modification": "2025-05-14",
      "cinemas": [
        1,
        2,
        3
      ]
    },
    "pk": 14
  },
  {
    "model": "cinephoria_webapp.seance",
    "fields": {
      "film": 1,
      "salle": 2,
      "heure_debut": "18:30",
      "jours_diffusion": [
        4
      ]
    },
    "pk": 1
  },
  {
    "model": "cinephoria_webapp.seance",
    "fields": {
      "film": 1,
      "salle": 2,
      "heure_debut": "18:30",
      "jours_diffusion": [
        5
      ]
    },
    "pk": 2
  },
  {
    "model": "cinephoria_webapp.seance",
    "fields": {
      "film": 1,
      "salle": 2,
      "heure_debut": "18:30",
      "jours_diffusion": [
        6
      ]
    },
    "pk": 3
  },
  {
    "model": "cinephoria_webapp.seance",
    "fields": {
      "film": 2,
      "salle": 3,
      "heure_debut": "18:30",
      "jours_diffusion": [
        4
      ]
    },
    "pk": 4
  },
  {
    "model": "cinephoria_webapp.seance",
    "fields": {
      "film": 2,
      "salle": 3,
      "heure_debut": "18:30",
      "jours_diffusion": [
        5
      ]
    },
    "pk": 5
  },
  {
    "model": "cinephoria_webapp.seance",
    "fields": {
      "film": 2,
      "salle": 3,
      "heure_debut": "18:30",
      "jours_diffusion": [
        6
      ]
    },
    "pk": 6
  },
  {
    "model": "cinephoria_webapp.seance",
    "fields": {
      "film": 3,
      "salle": 4,
      "heure_debut": "18:30",
      "jours_diffusion": [
        4
      ]
    },
    "pk": 7
  },
  {
    "model": "cinephoria_webapp.seance",
    "fields": {
      "film": 3,
      "salle": 4,
      "heure_debut": "18:30",
      "jours_diffusion": [
        5
      ]
    },
    "pk": 8
  },
  {
    "model": "cinephoria_webapp.seance",
    "fields": {
      "film": 3,
      "salle": 4,
      "heure_debut": "18:30",
      "jours_diffusion": [
        6
      ]
    },
    "pk": 9
  },
  {
    "model": "cinephoria_webapp.seance",
    "fields": {
      "film": 4,
      "salle": 5,
      "heure_debut": "18:30",
      "jours_diffusion": [
        4
      ]
    },
    "pk": 10
  },
  {
    "model": "cinephoria_webapp.seance",
    "fields": {
      "film": 4,
      "salle": 5,
      "heure_debut": "18:30",
      "jours_diffusion": [
        5
      ]
    },
    "pk": 11
  },
  {
    "model": "cinephoria_webapp.seance",
    "fields": {
      "film": 4,
      "salle": 5,
      "heure_debut": "18:30",
      "jours_diffusion": [
        6
      ]
    },
    "pk": 12
  },
  {
    "model": "cinephoria_webapp.seance",
    "fields": {
      "film": 5,
      "salle": 6,
      "heure_debut": "18:30",
      "jours_diffusion": [
        4
      ]
    },
    "pk": 13
  },
  {
    "model": "cinephoria_webapp.seance",
    "fields": {
      "film": 5,
      "salle": 6,
      "heure_debut": "18:30",
      "jours_diffusion": [
        5
      ]
    },
    "pk": 14
  },
  {
    "model": "cinephoria_webapp.seance",
    "fields": {
      "film": 5,
      "salle": 6,
      "heure_debut": "18:30",
      "jours_diffusion": [
        6
      ]
    },
    "pk": 15
  },
  {
    "model": "cinephoria_webapp.seance",
    "fields": {
      "film": 6,
      "salle": 7,
      "heure_debut": "18:30",
      "jours_diffusion": [
        4
      ]
    },
    "pk": 16
  },
  {
    "model": "cinephoria_webapp.seance",
    "fields": {
      "film": 6,
      "salle": 7,
      "heure_debut": "18:30",
      "jours_diffusion": [
        5
      ]
    },
    "pk": 17
  },
  {
    "model": "cinephoria_webapp.seance",
    "fields": {
      "film": 6,
      "salle": 7,
      "heure_debut": "18:30",
      "jours_diffusion": [
        6
      ]
    },
    "pk": 18
  },
  {
    "model": "cinephoria_webapp.seance",
    "fields": {
      "film": 7,
      "salle": 8,
      "heure_debut": "18:30",
      "jours_diffusion": [
        4
      ]
    },
    "pk": 19
  },
  {
    "model": "cinephoria_webapp.seance",
    "fields": {
      "film": 7,
      "salle": 8,
      "heure_debut": "18:30",
      "jours_diffusion": [
        5
      ]
    },
    "pk": 20
  },
  {
    "model": "cinephoria_webapp.seance",
    "fields": {
      "film": 7,
      "salle": 8,
      "heure_debut": "18:30",
      "jours_diffusion": [
        6
      ]
    },
    "pk": 21
  },
  {
    "model": "cinephoria_webapp.seance",
    "fields": {
      "film": 8,
      "salle": 9,
      "heure_debut": "18:30",
      "jours_diffusion": [
        4
      ]
    },
    "pk": 22
  },
  {
    "model": "cinephoria_webapp.seance",
    "fields": {
      "film": 8,
      "salle": 9,
      "heure_debut": "18:30",
      "jours_diffusion": [
        5
      ]
    },
    "pk": 23
  },
  {
    "model": "cinephoria_webapp.seance",
    "fields": {
      "film": 8,
      "salle": 9,
      "heure_debut": "18:30",
      "jours_diffusion": [
        6
      ]
    },
    "pk": 24
  },
  {
    "model": "cinephoria_webapp.seance",
    "fields": {
      "film": 9,
      "salle": 10,
      "heure_debut": "18:30",
      "jours_diffusion": [
        4
      ]
    },
    "pk": 25
  },
  {
    "model": "cinephoria_webapp.seance",
    "fields": {
      "film": 9,
      "salle": 10,
      "heure_debut": "18:30",
      "jours_diffusion": [
        5
      ]
    },
    "pk": 26
  },
  {
    "model": "cinephoria_webapp.seance",
    "fields": {
      "film": 9,
      "salle": 10,
      "heure_debut": "18:30",
      "jours_diffusion": [
        6
      ]
    },
    "pk": 27
  },
  {
    "model": "cinephoria_webapp.seance",
    "fields": {
      "film": 10,
      "salle": 11,
      "heure_debut": "18:30",
      "jours_diffusion": [
        4
      ]
    },
    "pk": 28
  },
  {
    "model": "cinephoria_webapp.seance",
    "fields": {
      "film": 10,
      "salle": 11,
      "heure_debut": "18:30",
      "jours_diffusion": [
        5
      ]
    },
    "pk": 29
  },
  {
    "model": "cinephoria_webapp.seance",
    "fields": {
      "film": 10,
      "salle": 11,
      "heure_debut": "18:30",
      "jours_diffusion": [
        6
      ]
    },
    "pk": 30
  },
  {
    "model": "cinephoria_webapp.seance",
    "fields": {
      "film": 11,
      "salle": 12,
      "heure_debut": "18:30",
      "jours_diffusion": [
        4
      ]
    },
    "pk": 31
  },
  {
    "model": "cinephoria_webapp.seance",
    "fields": {
      "film": 11,
      "salle": 12,
      "heure_debut": "18:30",
      "jours_diffusion": [
        5
      ]
    },
    "pk": 32
  },
  {
    "model": "cinephoria_webapp.seance",
    "fields": {
      "film": 11,
      "salle": 12,
      "heure_debut": "18:30",
      "jours_diffusion": [
        6
      ]
    },
    "pk": 33
  },
  {
    "model": "cinephoria_webapp.seance",
    "fields": {
      "film": 12,
      "salle": 13,
      "heure_debut": "18:30",
      "jours_diffusion": [
        4
      ]
    },
    "pk": 34
  },
  {
    "model": "cinephoria_webapp.seance",
    "fields": {
      "film": 12,
      "salle": 13,
      "heure_debut": "18:30",
      "jours_diffusion": [
        5
      ]
    },
    "pk": 35
  },
  {
    "model": "cinephoria_webapp.seance",
    "fields": {
      "film": 12,
      "salle": 13,
      "heure_debut": "18:30",
      "jours_diffusion": [
        6
      ]
    },
    "pk": 36
  },
  {
    "model": "cinephoria_webapp.seance",
    "fields": {
      "film": 13,
      "salle": 14,
      "heure_debut": "18:30",
      "jours_diffusion": [
        4
      ]
    },
    "pk": 37
  },
  {
    "model": "cinephoria_webapp.seance",
    "fields": {
      "film": 13,
      "salle": 14,
      "heure_debut": "18:30",
      "jours_diffusion": [
        5
      ]
    },
    "pk": 38
  },
  {
    "model": "cinephoria_webapp.seance",
    "fields": {
      "film": 13,
      "salle": 14,
      "heure_debut": "18:30",
      "jours_diffusion": [
        6
      ]
    },
    "pk": 39
  },
  {
    "model": "cinephoria_webapp.seance",
    "fields": {
      "film": 14,
      "salle": 1,
      "heure_debut": "18:30",
      "jours_diffusion": [
        4
      ]
    },
    "pk": 40
  },
  {
    "model": "cinephoria_webapp.seance",
    "fields": {
      "film": 14,
      "salle": 1,
      "heure_debut": "18:30",
      "jours_diffusion": [
        5
      ]
    },
    "pk": 41
  },
  {
    "model": "cinephoria_webapp.seance",
    "fields": {
      "film": 14,
      "salle": 1,
      "heure_debut": "18:30",
      "jours_diffusion": [
        6
      ]
    },
    "pk": 42
  }
]