[
  {
    "model": "cinephoria_webapp.genre",
    "fields": {
      "genre": "Science-fiction"
    },
    "pk": 1
  },
  {
    "model": "cinephoria_webapp.genre",
    "fields": {
      "genre": "Comédie"
    },
    "pk": 2
  },
  {
    "model": "cinephoria_webapp.genre",
    "fields": {
      "genre": "Drame"
    },
    "pk": 3
  },
  {
    "model": "cinephoria_webapp.genre",
    "fields": {
      "genre": "Fantastique"
    },
    "pk": 4
  },
  {
    "model": "cinephoria_webapp.genre",
    "fields": {
      "genre": "Animation"
    },
    "pk": 5
  },
  {
    "model": "cinephoria_webapp.genre",
    "fields": {
      "genre": "Action"
    },
    "pk": 6
  },
  {
    "model": "cinephoria_webapp.genre",
    "fields": {
      "genre": "Horreur"
    },
    "pk": 7
  },
  {
    "model": "cinephoria_webapp.cinema",
    "fields": {
      "nom": "Cinéphoria Paris",
      "ville": "Paris",
      "adresse": "1 rue du cinéma",
      "cp": "75000",
      "pays": "France",
      "telephone": "01 23 45 67 89",
      "horaire_ouverture": "10:00",
      "horaire_fermeture": "23:00"
    },
    "pk": 1
  },
  {
    "model": "cinephoria_webapp.cinema",
    "fields": {
      "nom": "Cinéphoria Nantes",
      "ville": "Nantes",
      "adresse": "1 rue du cinéma",
      "cp": "75000",
      "pays": "France",
      "telephone": "01 23 45 67 89",
      "horaire_ouverture": "10:00",
      "horaire_fermeture": "23:00"
    },
    "pk": 2
  },
  {
    "model": "cinephoria_webapp.cinema",
    "fields": {
      "nom": "Cinéphoria Toulouse",
      "ville": "Toulouse",
      "adresse": "1 rue du cinéma",
      "cp": "75000",
      "pays": "France",
      "telephone": "01 23 45 67 89",
      "horaire_ouverture": "10:00",
      "horaire_fermeture": "23:00"
    },
    "pk": 3
  },
  {
    "model": "cinephoria_webapp.cinema",
    "fields": {
      "nom": "Cinéphoria Bordeaux",
      "ville": "Bordeaux",
      "adresse": "1 rue du cinéma",
      "cp": "75000",
      "pays": "France",
      "telephone": "01 23 45 67 89",
      "horaire_ouverture": "10:00",
      "horaire_fermeture": "23:00"
    },
    "pk": 4
  },
  {
    "model": "cinephoria_webapp.cinema",
    "fields": {
      "nom": "Cinéphoria Lille",
      "ville": "Lille",
      "adresse": "1 rue du cinéma",
      "cp": "75000",
      "pays": "France",
      "telephone": "01 23 45 67 89",
      "horaire_ouverture": "10:00",
      "horaire_fermeture": "23:00"
    },
    "pk": 5
  },
  {
    "model": "cinephoria_webapp.cinema",
    "fields": {
      "nom": "Cinéphoria Charleroi",
      "ville": "Charleroi",
      "pays": "Belgique",
      "adresse": "1 rue du cinéma",
      "cp": "75000",
      "telephone": "01 23 45 67 89",
      "horaire_ouverture": "10:00",
      "horaire_fermeture": "23:00"
    },
    "pk": 6
  },
  {
    "model": "cinephoria_webapp.cinema",
    "fields": {
      "nom": "Cinéphoria Liège",
      "ville": "Liège",
      "pays": "Belgique",
      "adresse": "1 rue du cinéma",
      "cp": "75000",
      "telephone": "01 23 45 67 89",
      "horaire_ouverture": "10:00",
      "horaire_fermeture": "23:00"
    },
    "pk": 7
  },
  {
    "model": "cinephoria_webapp.qualite",
    "pk": 1,
    "fields": {
      "type_qualite": "4K",
      "prix_seance": 14.5
    }
  },
  {
    "model": "cinephoria_webapp.qualite",
    "pk": 2,
    "fields": {
      "type_qualite": "3D",
      "prix_seance": 13.0
    }
  },
  {
    "model": "cinephoria_webapp.qualite",
    "pk": 3,
    "fields": {
      "type_qualite": "Standard",
      "prix_seance": 10.0
    }
  },
  {
    "model": "cinephoria_webapp.salle",
    "fields": {
      "numero_salle": "1",
      "total_places": 40,
      "places_pmr": 2,
      "qualite": 2,
      "cinema": 1
    },
    "pk": 1
  },
  {
    "model": "cinephoria_webapp.salle",
    "fields": {
      "numero_salle": "2",
      "total_places": 40,
      "places_pmr": 2,
      "qualite": 3,
      "cinema": 1
    },
    "pk": 2
  },
  {
    "model": "cinephoria_webapp.salle",
    "fields": {
      "numero_salle": "1",
      "total_places": 40,
      "places_pmr": 2,
      "qualite": 2,
      "cinema": 2
    },
    "pk": 3
  },
  {
    "model": "cinephoria_webapp.salle",
    "fields": {
      "numero_salle": "2",
      "total_places": 40,
      "places_pmr": 2,
      "qualite": 3,
      "cinema": 2
    },
    "pk": 4
  },
  {
    "model": "cinephoria_webapp.salle",
    "fields": {
      "numero_salle": "1",
      "total_places": 40,
      "places_pmr": 2,
      "qualite": 2,
      "cinema": 3
    },
    "pk": 5
  },
  {
    "model": "cinephoria_webapp.salle",
    "fields": {
      "numero_salle": "2",
      "total_places": 40,
      "places_pmr": 2,
      "qualite": 3,
      "cinema": 3
    },
    "pk": 6
  },
  {
    "model": "cinephoria_webapp.salle",
    "fields": {
      "numero_salle": "1",
      "total_places": 40,
      "places_pmr": 2,
      "qualite": 2,
      "cinema": 4
    },
    "pk": 7
  },
  {
    "model": "cinephoria_webapp.salle",
    "fields": {
      "numero_salle": "2",
      "total_places": 40,
      "places_pmr": 2,
      "qualite": 3,
      "cinema": 4
    },
    "pk": 8
  },
  {
    "model": "cinephoria_webapp.salle",
    "fields": {
      "numero_salle": "1",
      "total_places": 40,
      "places_pmr": 2,
      "qualite": 2,
      "cinema": 5
    },
    "pk": 9
  },
  {
    "model": "cinephoria_webapp.salle",
    "fields": {
      "numero_salle": "2",
      "total_places": 40,
      "places_pmr": 2,
      "qualite": 3,
      "cinema": 5
    },
    "pk": 10
  },
  {
    "model": "cinephoria_webapp.salle",
    "fields": {
      "numero_salle": "1",
      "total_places": 40,
      "places_pmr": 2,
      "qualite": 2,
      "cinema": 6
    },
    "pk": 11
  },
  {
    "model": "cinephoria_webapp.salle",
    "fields": {
      "numero_salle": "2",
      "total_places": 40,
      "places_pmr": 2,
      "qualite": 3,
      "cinema": 6
    },
    "pk": 12
  },
  {
    "model": "cinephoria_webapp.salle",
    "fields": {
      "numero_salle": "1",
      "total_places": 40,
      "places_pmr": 2,
      "qualite": 2,
      "cinema": 7
    },
    "pk": 13
  },
  {
    "model": "cinephoria_webapp.salle",
    "fields": {
      "numero_salle": "2",
      "total_places": 40,
      "places_pmr": 2,
      "qualite": 3,
      "cinema": 7
    },
    "pk": 14
  },
  {
    "model": "cinephoria_webapp.film",
    "fields": {
      "titre": "Code zéro",
      "duree": 110,
      "affiche_url": "https://res.cloudinary.com/dtkblsq5c/image/upload/v1747856398/films/code_zero_x7wixl.png",
      "synopsis": "Dans un futur ultra-connecté, un jeune hacker maladroit libère par accident un virus numérique nommé Code Zero, qui menace de plonger le monde dans un chaos pixelisé. Pour réparer sa gaffe, il forme une équipe improbable de programmes rebelles et d’avatars oubliés. Entre courses de données et batailles de bugs, leur mission devient une aventure animée trépidante où l’humour et l’amitié sont les meilleurs pare-feux.",
      "age_minimum": 12,
      "label_coup_de_coeur": false,
      "note": 4.0,
      "genre": 6,
      "dernier_modificateur": 1,
      "date_ajout": "2025-05-21",
      "date_sortie": "2025-05-21",
      "date_derniere_modification": "2025-05-21T00:00:00Z",
      "cinemas": [
        1,
        2,
        3
      ]
    },
    "pk": 1
  },
  {
    "model": "cinephoria_webapp.film",
    "fields": {
      "titre": "Coeur à contretemps",
      "duree": 110,
      "affiche_url": "https://res.cloudinary.com/dtkblsq5c/image/upload/v1747856970/films/coeur_a_contretemps_oqgqbj.png",
      "synopsis": "Emma, brillante horlogère, découvre une montre ancienne capable de lui faire revivre certains moments de son passé. En tentant de réparer les erreurs d’un amour perdu, elle bouleverse le cours du temps… et ses propres certitudes. Mais chaque saut a un prix, et parfois, le cœur bat mieux dans l’instant présent. Une romance sensible et magique, où le temps lui-même devient l’ultime épreuve de l’amour.",
      "age_minimum": 12,
      "label_coup_de_coeur": false,
      "note": 4.0,
      "genre": 2,
      "dernier_modificateur": 1,
      "date_ajout": "2025-05-21",
      "date_sortie": "2025-05-21",
      "date_derniere_modification": "2025-05-21T00:00:00Z",
      "cinemas": [
        1,
        2,
        3
      ]
    },
    "pk": 2
  },
  {
    "model": "cinephoria_webapp.film",
    "fields": {
      "titre": "Confusion totale",
      "duree": 110,
      "affiche_url": "https://res.cloudinary.com/dtkblsq5c/image/upload/v1747857070/films/confusion_totale_ncpxne.png",
      "synopsis": "Un matin, trois inconnus se réveillent dans un appartement qu’aucun d’eux ne reconnaît… et aucun ne se souvient de la veille. Entre fausses identités, objets étranges et visites surprises, ils vont devoir recoller les morceaux d’une soirée qui a clairement mal tourné. Plus ils cherchent à comprendre, plus le mystère s’épaissit — et plus les situations deviennent absurdes. Une comédie décalée où l’amnésie collective n’est que le début des ennuis.",
      "age_minimum": 12,
      "label_coup_de_coeur": true,
      "note": 4.0,
      "genre": 2,
      "dernier_modificateur": 1,
      "date_ajout": "2025-05-21",
      "date_sortie": "2025-05-01",
      "date_derniere_modification": "2025-05-21T00:00:00Z",
      "cinemas": [
        1,
        2,
        3
      ]
    },
    "pk": 3
  },
  {
    "model": "cinephoria_webapp.film",
    "fields": {
      "titre": "Divorce et ricochets",
      "duree": 110,
      "affiche_url":"https://res.cloudinary.com/dtkblsq5c/image/upload/v1747856214/films/divorce_et_ricochets_yseato.png",
      "synopsis": "Claire et Maxime, ex-mariés par oubli administratif, doivent cohabiter une dernière fois pour finaliser leur divorce. Entre quiproquos, nouvelles romances ratées et vieux souvenirs, leur séparation tourne au chaos comique. Entourés d’amis envahissants et de situations absurdes, ils découvrent que tourner la page n’est pas si simple. Et si les ricochets de leur histoire avaient encore quelque chose à dire ?",
      "age_minimum": 12,
      "label_coup_de_coeur": false,
      "note": 4.0,
      "genre": 2,
      "dernier_modificateur": 1,
      "date_ajout": "2025-05-21",
      "date_sortie": "2025-05-21",
      "date_derniere_modification": "2025-05-21T00:00:00Z",
      "cinemas": [
        1,
        2,
        3
      ]
    },
    "pk": 4
  },
  {
    "model": "cinephoria_webapp.film",
    "fields": {
      "titre": "La foret des murmures",
      "duree": 110,
      "affiche_url":"https://res.cloudinary.com/dtkblsq5c/image/upload/v1747857219/films/la_foret_des_murmures_lybbka.png",
      "synopsis": "Dans un village reculé, une forêt interdite est au cœur de sombres légendes : ceux qui y entrent entendent des voix… et n’en ressortent jamais. Quand un groupe de jeunes décide d’y enquêter après une série de disparitions, ils découvrent que les murmures ne viennent pas du vent, mais de quelque chose de bien plus ancien et affamé. Pris au piège entre hallucinations et terreur réelle, ils devront affronter une force qui se nourrit de leurs secrets les plus enfouis.",
      "age_minimum": 12,
      "label_coup_de_coeur": false,
      "note": 4.0,
      "genre": 7,
      "dernier_modificateur": 1,
      "date_ajout": "2025-05-21",
      "date_sortie": "2025-05-21",
      "date_derniere_modification": "2025-05-21T00:00:00Z",
      "cinemas": [
        1,
        2,
        3
      ]
    },
    "pk": 5
  },
  {
    "model": "cinephoria_webapp.film",
    "fields": {
      "titre": "le masque du revenant",
      "duree": 110,
      "affiche_url":"https://res.cloudinary.com/dtkblsq5c/image/upload/v1747857451/films/le_masque_du_revenant_f62rxk.png",
      "synopsis": "Dans une petite ville frappée par une série de morts inexpliquées, une légende oubliée refait surface : celle d’un masque ancien censé emprisonner l’esprit d’un homme injustement exécuté. Quand un étudiant en histoire le découvre et le ramène chez lui, les cauchemars deviennent réalité. Le masque réveille une force vengeresse bien décidée à terminer ce qu’elle a commencé… et personne ne pourra échapper à son regard. Un film d’horreur oppressant où passé et malédiction se confondent dans une traque implacable.",
      "age_minimum": 12,
      "label_coup_de_coeur": true,
      "note": 4.0,
      "genre": 7,
      "dernier_modificateur": 1,
      "date_ajout": "2025-05-21",
      "date_sortie": "2025-05-21",
      "date_derniere_modification": "2025-05-21T00:00:00Z",
      "cinemas": [
        1,
        2,
        3
      ]
    },
    "pk": 6
  },
  {
    "model": "cinephoria_webapp.film",
    "fields": {
      "titre": "Le royaume caché",
      "duree": 110,
      "affiche_url": "https://res.cloudinary.com/dtkblsq5c/image/upload/v1747856484/films/le_royaume_cache_zgiwsi.png",
      "synopsis": "Dans une forêt enchantée, bien à l’abri des regards humains, existe un royaume minuscule peuplé de créatures magiques. Quand une jeune fille est accidentellement réduite à leur taille, elle découvre un monde secret menacé par une force obscure. Pour sauver ce royaume caché, elle devra unir des peuples rivaux et croire en l’impossible. Une aventure animée pleine de féérie, de courage et de découvertes inattendues.",
      "age_minimum": 12,
      "label_coup_de_coeur": false,
      "note": 4.0,
      "genre": 5,
      "dernier_modificateur": 1,
      "date_ajout": "2025-05-21",
      "date_sortie": "2025-05-21",
      "date_derniere_modification": "2025-05-21T00:00:00Z",
      "cinemas": [
        1,
        2,
        3
      ]
    },
    "pk": 7
  },
  {
    "model": "cinephoria_webapp.film",
    "fields": {
      "titre": "Le voyage des coeurs vaillants",
      "duree": 110,
      "affiche_url":"https://res.cloudinary.com/dtkblsq5c/image/upload/v1747856093/films/le_voyage_des_coeurs_vaillants_t2zl4j.png",
      "synopsis": "Dans un monde coloré où les émotions prennent vie, un groupe de petits cœurs vaillants — des créatures lumineuses chargées de veiller sur le courage des enfants — part en mission à travers des paysages fantastiques pour sauver leur royaume menacé par le doute et la peur. Chaque étape de leur voyage renforce leur lien et révèle la force du cœur face à l’adversité. Une aventure animée pleine de tendresse, d’humour et de magie, où le vrai courage vient de l’intérieur.",
      "age_minimum": 12,
      "label_coup_de_coeur": false,
      "note": 4.0,
      "genre": 5,
      "dernier_modificateur": 1,
      "date_ajout": "2025-05-14",
      "date_sortie": "2025-05-01",
      "date_derniere_modification": "2025-05-21T00:00:00Z",
      "cinemas": [
        1,
        2,
        3
      ]
    },
    "pk": 8
  },
  {
    "model": "cinephoria_webapp.film",
    "fields": {
      "titre": "Les enfants de l'hyperespace",
      "duree": 110,
      "affiche_url":"https://res.cloudinary.com/dtkblsq5c/image/upload/v1747856292/films/les_enfants_de_lhyperespace_nilcje.png",
      "synopsis": "Dans un futur pas si lointain, un groupe d’enfants surdoués se retrouve propulsé par erreur dans l’hyperespace à bord d’un vaisseau expérimental. Livrés à eux-mêmes, ils devront apprendre à piloter, coopérer et déjouer des extraterrestres farfelus. Entre éclats de rire et gravité zéro, leur odyssée devient une aventure aussi chaotique qu’inoubliable. Sauver la galaxie ? Peut-être. Rentrer à l’heure du dîner ? Priorité absolue.",
      "age_minimum": 12,
      "label_coup_de_coeur": true,
      "note": 4.0,
      "genre": 1,
      "dernier_modificateur": 1,
      "date_ajout": "2025-05-21",
      "date_sortie": "2025-05-21",
      "date_derniere_modification": "2025-05-21T00:00:00Z",
      "cinemas": [
        1,
        2,
        3
      ]
    },
    "pk": 9
  },
  {
    "model": "cinephoria_webapp.film",
    "fields": {
      "titre": "les vacances de Tonton Gaston",
      "affiche_url":"https://res.cloudinary.com/dtkblsq5c/image/upload/v1747855936/films/Lesvacancesdetontongaston_munwlc.png",
      "duree": 110,
      "synopsis": "Quand Tonton Gaston, retraité ronchon mais plein de ressources, gagne un séjour tout compris qu’il n’a jamais demandé, il embarque sa famille pour des vacances aussi improbables que catastrophiques. Entre activités déjantées, malentendus culturels et coups de soleil, rien ne se passe comme prévu. Mais derrière les gaffes de Tonton, se cache peut-être le meilleur été de leur vie.",
      "age_minimum": 12,
      "label_coup_de_coeur": false,
      "note": 4.0,
      "genre": 2,
      "dernier_modificateur": 1,
      "date_ajout": "2025-05-21",
      "date_sortie": "2025-05-21",
      "date_derniere_modification": "2025-05-21T00:00:00Z",
      "cinemas": [
        1,
        2,
        3
      ]
    },
    "pk": 10
  },
  {
    "model": "cinephoria_webapp.film",
    "fields": {
      "titre": "Opération blackout",
      "duree": 110,
      "affiche_url":"https://res.cloudinary.com/dtkblsq5c/image/upload/v1747856645/films/operation_blackout_xi8cpo.png",
      "synopsis": "Lors d’une mission de routine en territoire hostile, une unité d’élite est soudainement coupée du monde : plus de communications, plus de satellites, plus de renforts. En pleine zone de guerre et livrés à eux-mêmes, ils découvrent qu’un complot international vise à déclencher un conflit majeur… en les faisant disparaître dans l’ombre. Traqués, isolés, ils n’ont qu’une nuit pour survivre, comprendre ce qui se trame, et frapper avant que le rideau noir ne tombe pour de bon.",
      "age_minimum": 12,
      "label_coup_de_coeur": false,
      "note": 4.0,
      "genre": 6,
      "dernier_modificateur": 1,
      "date_ajout": "2025-05-21",
      "date_sortie": "2025-05-21",
      "date_derniere_modification": "2025-05-21T00:00:00Z",
      "cinemas": [
        1,
        2,
        3
      ]
    },
    "pk": 11
  },
  {
    "model": "cinephoria_webapp.film",
    "fields": {
      "titre": "Planète Mars",
      "duree": 110,
      "affiche_url":"https://res.cloudinary.com/dtkblsq5c/image/upload/v1747856743/films/planete_mars_kgijga.png",
      "synopsis": "Lors d’une mission de colonisation sur Mars, un groupe d’astronautes découvre une structure enfouie sous la surface, vestige d’une civilisation inconnue. Mais lorsqu’un signal est accidentellement activé, la planète rouge devient un piège mortel. Coupés de la Terre et confrontés à des forces hostiles, les survivants devront percer les mystères de Mars… ou y laisser leur dernière trace. Une course haletante pour la vérité et la survie, à des millions de kilomètres de chez eux.",
      "age_minimum": 12,
      "label_coup_de_coeur": true,
      "note": 4.0,
      "genre": 1,
      "dernier_modificateur": 1,
      "date_ajout": "2025-05-21",
      "date_sortie": "2025-05-21",
      "date_derniere_modification": "2025-05-21T00:00:00Z",
      "cinemas": [
        1,
        2,
        3
      ]
    },
    "pk": 12
  },
  {
    "model": "cinephoria_webapp.film",
    "fields": {
      "titre": "Startup en délire",
      "duree": 110,
      "affiche_url":"https://res.cloudinary.com/dtkblsq5c/image/upload/v1747856871/films/startup-en-delire_wwciph.png",
      "synopsis": "Quand une bande de jeunes entrepreneurs un peu trop ambitieux lance une startup sur une idée complètement absurde — une appli qui traduit les pensées des plantes — ils ne s’attendent pas à ce que ça marche… vraiment. Entre levées de fonds surréalistes, bugs incontrôlables et influenceurs perchés, leur projet devient viral et leur vie un joyeux chaos. Une comédie déjantée sur les coulisses du monde des startuppers, où le pitch compte plus que le produit… et où la folie mène parfois au succès.",
      "age_minimum": 12,
      "label_coup_de_coeur": false,
      "note": 4.0,
      "genre": 2,
      "dernier_modificateur": 1,
      "date_ajout": "2025-05-21",
      "date_sortie": "2025-05-21",
      "date_derniere_modification": "2025-05-21T00:00:00Z",
      "cinemas": [
        1,
        2,
        3
      ]
    },
    "pk": 13
  },
  {
    "model": "cinephoria_webapp.film",
    "fields": {
      "titre": "Tatie déraille",
      "duree": 110,
      "affiche_url":"https://res.cloudinary.com/dtkblsq5c/image/upload/v1747857356/films/tatie_deraille_uc1ppx.png",
      "synopsis": "Quand Tatie Huguette, 72 ans, découvre par accident les joies d’Internet et des réseaux sociaux, elle devient en quelques jours une star virale… malgré elle. Prise dans une spirale de buzz, de clashs et de partenariats douteux, elle embarque toute sa famille dans un tourbillon aussi hilarant que chaotique. Entre live en pyjama et conférences TED improvisées, une chose est sûre : Tatie ne compte pas s’arrêter là. Une comédie pleine de tendresse et de folie douce sur l’âge, la célébrité et le droit de péter un câble à tout âge.",
      "age_minimum": 12,
      "label_coup_de_coeur": false,
      "note": 4.0,
      "genre": 2,
      "dernier_modificateur": 1,
      "date_ajout": "2025-05-21",
      "date_sortie": "2025-05-21",
      "date_derniere_modification": "2025-05-21T00:00:00Z",
      "cinemas": [
        1,
        2,
        3
      ]
    },
    "pk": 14
  },
  {
    "model": "cinephoria_webapp.seance",
    "fields": {
      "film": 1,
      "salle": 2,
      "heure_debut": "18:30",
      "jours_diffusion": [
        4
      ]
    },
    "pk": 1
  },
  {
    "model": "cinephoria_webapp.seance",
    "fields": {
      "film": 1,
      "salle": 2,
      "heure_debut": "18:30",
      "jours_diffusion": [
        5
      ]
    },
    "pk": 2
  },
  {
    "model": "cinephoria_webapp.seance",
    "fields": {
      "film": 1,
      "salle": 2,
      "heure_debut": "18:30",
      "jours_diffusion": [
        6
      ]
    },
    "pk": 3
  },
  {
    "model": "cinephoria_webapp.seance",
    "fields": {
      "film": 2,
      "salle": 3,
      "heure_debut": "18:30",
      "jours_diffusion": [
        4
      ]
    },
    "pk": 4
  },
  {
    "model": "cinephoria_webapp.seance",
    "fields": {
      "film": 2,
      "salle": 3,
      "heure_debut": "18:30",
      "jours_diffusion": [
        5
      ]
    },
    "pk": 5
  },
  {
    "model": "cinephoria_webapp.seance",
    "fields": {
      "film": 2,
      "salle": 3,
      "heure_debut": "18:30",
      "jours_diffusion": [
        6
      ]
    },
    "pk": 6
  },
  {
    "model": "cinephoria_webapp.seance",
    "fields": {
      "film": 3,
      "salle": 4,
      "heure_debut": "18:30",
      "jours_diffusion": [
        4
      ]
    },
    "pk": 7
  },
  {
    "model": "cinephoria_webapp.seance",
    "fields": {
      "film": 3,
      "salle": 4,
      "heure_debut": "18:30",
      "jours_diffusion": [
        5
      ]
    },
    "pk": 8
  },
  {
    "model": "cinephoria_webapp.seance",
    "fields": {
      "film": 3,
      "salle": 4,
      "heure_debut": "18:30",
      "jours_diffusion": [
        6
      ]
    },
    "pk": 9
  },
  {
    "model": "cinephoria_webapp.seance",
    "fields": {
      "film": 4,
      "salle": 5,
      "heure_debut": "18:30",
      "jours_diffusion": [
        4
      ]
    },
    "pk": 10
  },
  {
    "model": "cinephoria_webapp.seance",
    "fields": {
      "film": 4,
      "salle": 5,
      "heure_debut": "18:30",
      "jours_diffusion": [
        5
      ]
    },
    "pk": 11
  },
  {
    "model": "cinephoria_webapp.seance",
    "fields": {
      "film": 4,
      "salle": 5,
      "heure_debut": "18:30",
      "jours_diffusion": [
        6
      ]
    },
    "pk": 12
  },
  {
    "model": "cinephoria_webapp.seance",
    "fields": {
      "film": 5,
      "salle": 6,
      "heure_debut": "18:30",
      "jours_diffusion": [
        4
      ]
    },
    "pk": 13
  },
  {
    "model": "cinephoria_webapp.seance",
    "fields": {
      "film": 5,
      "salle": 6,
      "heure_debut": "18:30",
      "jours_diffusion": [
        5
      ]
    },
    "pk": 14
  },
  {
    "model": "cinephoria_webapp.seance",
    "fields": {
      "film": 5,
      "salle": 6,
      "heure_debut": "18:30",
      "jours_diffusion": [
        6
      ]
    },
    "pk": 15
  },
  {
    "model": "cinephoria_webapp.seance",
    "fields": {
      "film": 6,
      "salle": 7,
      "heure_debut": "18:30",
      "jours_diffusion": [
        4
      ]
    },
    "pk": 16
  },
  {
    "model": "cinephoria_webapp.seance",
    "fields": {
      "film": 6,
      "salle": 7,
      "heure_debut": "18:30",
      "jours_diffusion": [
        5
      ]
    },
    "pk": 17
  },
  {
    "model": "cinephoria_webapp.seance",
    "fields": {
      "film": 6,
      "salle": 7,
      "heure_debut": "18:30",
      "jours_diffusion": [
        6
      ]
    },
    "pk": 18
  },
  {
    "model": "cinephoria_webapp.seance",
    "fields": {
      "film": 7,
      "salle": 8,
      "heure_debut": "18:30",
      "jours_diffusion": [
        4
      ]
    },
    "pk": 19
  },
  {
    "model": "cinephoria_webapp.seance",
    "fields": {
      "film": 7,
      "salle": 8,
      "heure_debut": "18:30",
      "jours_diffusion": [
        5
      ]
    },
    "pk": 20
  },
  {
    "model": "cinephoria_webapp.seance",
    "fields": {
      "film": 7,
      "salle": 8,
      "heure_debut": "18:30",
      "jours_diffusion": [
        6
      ]
    },
    "pk": 21
  },
  {
    "model": "cinephoria_webapp.seance",
    "fields": {
      "film": 8,
      "salle": 9,
      "heure_debut": "18:30",
      "jours_diffusion": [
        4
      ]
    },
    "pk": 22
  },
  {
    "model": "cinephoria_webapp.seance",
    "fields": {
      "film": 8,
      "salle": 9,
      "heure_debut": "18:30",
      "jours_diffusion": [
        5
      ]
    },
    "pk": 23
  },
  {
    "model": "cinephoria_webapp.seance",
    "fields": {
      "film": 8,
      "salle": 9,
      "heure_debut": "18:30",
      "jours_diffusion": [
        6
      ]
    },
    "pk": 24
  },
  {
    "model": "cinephoria_webapp.seance",
    "fields": {
      "film": 9,
      "salle": 10,
      "heure_debut": "18:30",
      "jours_diffusion": [
        4
      ]
    },
    "pk": 25
  },
  {
    "model": "cinephoria_webapp.seance",
    "fields": {
      "film": 9,
      "salle": 10,
      "heure_debut": "18:30",
      "jours_diffusion": [
        5
      ]
    },
    "pk": 26
  },
  {
    "model": "cinephoria_webapp.seance",
    "fields": {
      "film": 9,
      "salle": 10,
      "heure_debut": "18:30",
      "jours_diffusion": [
        6
      ]
    },
    "pk": 27
  },
  {
    "model": "cinephoria_webapp.seance",
    "fields": {
      "film": 10,
      "salle": 11,
      "heure_debut": "18:30",
      "jours_diffusion": [
        4
      ]
    },
    "pk": 28
  },
  {
    "model": "cinephoria_webapp.seance",
    "fields": {
      "film": 10,
      "salle": 11,
      "heure_debut": "18:30",
      "jours_diffusion": [
        5
      ]
    },
    "pk": 29
  },
  {
    "model": "cinephoria_webapp.seance",
    "fields": {
      "film": 10,
      "salle": 11,
      "heure_debut": "18:30",
      "jours_diffusion": [
        6
      ]
    },
    "pk": 30
  },
  {
    "model": "cinephoria_webapp.seance",
    "fields": {
      "film": 11,
      "salle": 12,
      "heure_debut": "18:30",
      "jours_diffusion": [
        4
      ]
    },
    "pk": 31
  },
  {
    "model": "cinephoria_webapp.seance",
    "fields": {
      "film": 11,
      "salle": 12,
      "heure_debut": "18:30",
      "jours_diffusion": [
        5
      ]
    },
    "pk": 32
  },
  {
    "model": "cinephoria_webapp.seance",
    "fields": {
      "film": 11,
      "salle": 12,
      "heure_debut": "18:30",
      "jours_diffusion": [
        6
      ]
    },
    "pk": 33
  },
  {
    "model": "cinephoria_webapp.seance",
    "fields": {
      "film": 12,
      "salle": 13,
      "heure_debut": "18:30",
      "jours_diffusion": [
        4
      ]
    },
    "pk": 34
  },
  {
    "model": "cinephoria_webapp.seance",
    "fields": {
      "film": 12,
      "salle": 13,
      "heure_debut": "18:30",
      "jours_diffusion": [
        5
      ]
    },
    "pk": 35
  },
  {
    "model": "cinephoria_webapp.seance",
    "fields": {
      "film": 12,
      "salle": 13,
      "heure_debut": "18:30",
      "jours_diffusion": [
        6
      ]
    },
    "pk": 36
  },
  {
    "model": "cinephoria_webapp.seance",
    "fields": {
      "film": 13,
      "salle": 14,
      "heure_debut": "18:30",
      "jours_diffusion": [
        4
      ]
    },
    "pk": 37
  },
  {
    "model": "cinephoria_webapp.seance",
    "fields": {
      "film": 13,
      "salle": 14,
      "heure_debut": "18:30",
      "jours_diffusion": [
        5
      ]
    },
    "pk": 38
  },
  {
    "model": "cinephoria_webapp.seance",
    "fields": {
      "film": 13,
      "salle": 14,
      "heure_debut": "18:30",
      "jours_diffusion": [
        6
      ]
    },
    "pk": 39
  },
  {
    "model": "cinephoria_webapp.seance",
    "fields": {
      "film": 14,
      "salle": 1,
      "heure_debut": "18:30",
      "jours_diffusion": [
        4
      ]
    },
    "pk": 40
  },
  {
    "model": "cinephoria_webapp.seance",
    "fields": {
      "film": 14,
      "salle": 1,
      "heure_debut": "18:30",
      "jours_diffusion": [
        5
      ]
    },
    "pk": 41
  },
  {
    "model": "cinephoria_webapp.seance",
    "fields": {
      "film": 14,
      "salle": 1,
      "heure_debut": "18:30",
      "jours_diffusion": [
        6
      ]
    },
    "pk": 42
  }
]